Id,Id2,Geography,Estimate; Per capita income in the past 12 months (in 2017 inflation-adjusted dollars),Margin of Error; Per capita income in the past 12 months (in 2017 inflation-adjusted dollars)
8600000US06390,06390,ZCTA5 06390,53707,23370
8600000US07421,07421,ZCTA5 07421,39655,3489
8600000US10001,10001,ZCTA5 10001,86014,15442
8600000US10002,10002,ZCTA5 10002,30677,1365
8600000US10003,10003,ZCTA5 10003,91141,4717
8600000US10004,10004,ZCTA5 10004,105390,14756
8600000US10005,10005,ZCTA5 10005,102957,11481
8600000US10006,10006,ZCTA5 10006,103279,14411
8600000US10007,10007,ZCTA5 10007,153897,18671
8600000US10009,10009,ZCTA5 10009,47782,2472
8600000US10010,10010,ZCTA5 10010,88872,6061
8600000US10011,10011,ZCTA5 10011,114218,7538
8600000US10012,10012,ZCTA5 10012,85491,5147
8600000US10013,10013,ZCTA5 10013,107794,9162
8600000US10014,10014,ZCTA5 10014,122098,8088
8600000US10016,10016,ZCTA5 10016,88762,5013
8600000US10017,10017,ZCTA5 10017,106244,8907
8600000US10018,10018,ZCTA5 10018,84134,7758
8600000US10019,10019,ZCTA5 10019,94797,6403
8600000US10020,10020,ZCTA5 10020,-,**
8600000US10021,10021,ZCTA5 10021,125769,9366
8600000US10022,10022,ZCTA5 10022,145479,14665
8600000US10023,10023,ZCTA5 10023,114641,7698
8600000US10024,10024,ZCTA5 10024,113584,7004
8600000US10025,10025,ZCTA5 10025,68995,4152
8600000US10026,10026,ZCTA5 10026,39354,2560
8600000US10027,10027,ZCTA5 10027,30256,1761
8600000US10028,10028,ZCTA5 10028,115071,6527
8600000US10029,10029,ZCTA5 10029,27966,1641
8600000US10030,10030,ZCTA5 10030,28648,3137
8600000US10031,10031,ZCTA5 10031,26417,1339
8600000US10032,10032,ZCTA5 10032,23217,1429
8600000US10033,10033,ZCTA5 10033,25767,993
8600000US10034,10034,ZCTA5 10034,26216,1514
8600000US10035,10035,ZCTA5 10035,21618,1727
8600000US10036,10036,ZCTA5 10036,77462,4867
8600000US10037,10037,ZCTA5 10037,27913,3217
8600000US10038,10038,ZCTA5 10038,63676,4814
8600000US10039,10039,ZCTA5 10039,23681,2749
8600000US10040,10040,ZCTA5 10040,24514,1550
8600000US10044,10044,ZCTA5 10044,53174,7128
8600000US10065,10065,ZCTA5 10065,125405,9650
8600000US10069,10069,ZCTA5 10069,112264,23736
8600000US10075,10075,ZCTA5 10075,111997,13877
8600000US10103,10103,ZCTA5 10103,-,**
8600000US10110,10110,ZCTA5 10110,-,**
8600000US10111,10111,ZCTA5 10111,-,**
8600000US10112,10112,ZCTA5 10112,-,**
8600000US10115,10115,ZCTA5 10115,-,**
8600000US10119,10119,ZCTA5 10119,-,**
8600000US10128,10128,ZCTA5 10128,97642,4276
8600000US10152,10152,ZCTA5 10152,-,**
8600000US10153,10153,ZCTA5 10153,-,**
8600000US10154,10154,ZCTA5 10154,-,**
8600000US10162,10162,ZCTA5 10162,115392,25482
8600000US10165,10165,ZCTA5 10165,-,**
8600000US10167,10167,ZCTA5 10167,-,**
8600000US10168,10168,ZCTA5 10168,-,**
8600000US10169,10169,ZCTA5 10169,-,**
8600000US10170,10170,ZCTA5 10170,-,**
8600000US10171,10171,ZCTA5 10171,-,**
8600000US10172,10172,ZCTA5 10172,-,**
8600000US10173,10173,ZCTA5 10173,-,**
8600000US10174,10174,ZCTA5 10174,-,**
8600000US10177,10177,ZCTA5 10177,-,**
8600000US10199,10199,ZCTA5 10199,-,**
8600000US10271,10271,ZCTA5 10271,-,**
8600000US10278,10278,ZCTA5 10278,-,**
8600000US10279,10279,ZCTA5 10279,-,**
8600000US10280,10280,ZCTA5 10280,108281,14960
8600000US10282,10282,ZCTA5 10282,127960,16588
8600000US10301,10301,ZCTA5 10301,30390,1661
8600000US10302,10302,ZCTA5 10302,25824,1502
8600000US10303,10303,ZCTA5 10303,23038,1598
8600000US10304,10304,ZCTA5 10304,31609,2743
8600000US10305,10305,ZCTA5 10305,31010,1581
8600000US10306,10306,ZCTA5 10306,36277,1597
8600000US10307,10307,ZCTA5 10307,38073,3540
8600000US10308,10308,ZCTA5 10308,37435,2347
8600000US10309,10309,ZCTA5 10309,40598,2640
8600000US10310,10310,ZCTA5 10310,30838,1626
8600000US10311,10311,ZCTA5 10311,-,**
8600000US10312,10312,ZCTA5 10312,38250,1544
8600000US10314,10314,ZCTA5 10314,34780,1141
8600000US10451,10451,ZCTA5 10451,19116,2001
8600000US10452,10452,ZCTA5 10452,14142,712
8600000US10453,10453,ZCTA5 10453,13386,566
8600000US10454,10454,ZCTA5 10454,12900,998
8600000US10455,10455,ZCTA5 10455,14241,1352
8600000US10456,10456,ZCTA5 10456,14424,883
8600000US10457,10457,ZCTA5 10457,13952,806
8600000US10458,10458,ZCTA5 10458,15612,761
8600000US10459,10459,ZCTA5 10459,13893,809
8600000US10460,10460,ZCTA5 10460,14716,801
8600000US10461,10461,ZCTA5 10461,28352,1369
8600000US10462,10462,ZCTA5 10462,24718,805
8600000US10463,10463,ZCTA5 10463,33630,1953
8600000US10464,10464,ZCTA5 10464,43462,4390
8600000US10465,10465,ZCTA5 10465,33839,1661
8600000US10466,10466,ZCTA5 10466,23060,816
8600000US10467,10467,ZCTA5 10467,18402,843
8600000US10468,10468,ZCTA5 10468,16902,830
8600000US10469,10469,ZCTA5 10469,24621,728
8600000US10470,10470,ZCTA5 10470,30792,2065
8600000US10471,10471,ZCTA5 10471,43996,3239
8600000US10472,10472,ZCTA5 10472,15117,698
8600000US10473,10473,ZCTA5 10473,20315,908
8600000US10474,10474,ZCTA5 10474,12362,1773
8600000US10475,10475,ZCTA5 10475,27175,2125
8600000US10501,10501,ZCTA5 10501,58472,9269
8600000US10502,10502,ZCTA5 10502,70705,6865
8600000US10503,10503,ZCTA5 10503,108945,46825
8600000US10504,10504,ZCTA5 10504,106228,13313
8600000US10505,10505,ZCTA5 10505,53019,12832
8600000US10506,10506,ZCTA5 10506,121965,15292
8600000US10507,10507,ZCTA5 10507,37806,6944
8600000US10509,10509,ZCTA5 10509,41644,2183
8600000US10510,10510,ZCTA5 10510,79130,6385
8600000US10511,10511,ZCTA5 10511,39173,3745
8600000US10512,10512,ZCTA5 10512,44684,2450
8600000US10514,10514,ZCTA5 10514,113120,9545
8600000US10516,10516,ZCTA5 10516,54459,7589
8600000US10517,10517,ZCTA5 10517,34010,8757
8600000US10518,10518,ZCTA5 10518,74590,17324
8600000US10519,10519,ZCTA5 10519,97884,77265
8600000US10520,10520,ZCTA5 10520,57774,4151
8600000US10522,10522,ZCTA5 10522,60490,7234
8600000US10523,10523,ZCTA5 10523,37921,3490
8600000US10524,10524,ZCTA5 10524,59305,8034
8600000US10526,10526,ZCTA5 10526,73620,17835
8600000US10527,10527,ZCTA5 10527,54136,6507
8600000US10528,10528,ZCTA5 10528,66277,6482
8600000US10530,10530,ZCTA5 10530,61309,4082
8600000US10532,10532,ZCTA5 10532,41876,4159
8600000US10533,10533,ZCTA5 10533,82298,12257
8600000US10535,10535,ZCTA5 10535,36425,14699
8600000US10536,10536,ZCTA5 10536,84666,8166
8600000US10537,10537,ZCTA5 10537,42354,9509
8600000US10538,10538,ZCTA5 10538,96605,9095
8600000US10541,10541,ZCTA5 10541,44168,3656
8600000US10543,10543,ZCTA5 10543,58834,5189
8600000US10545,10545,ZCTA5 10545,20855,13585
8600000US10546,10546,ZCTA5 10546,72709,18384
8600000US10547,10547,ZCTA5 10547,35977,2764
8600000US10548,10548,ZCTA5 10548,40314,5550
8600000US10549,10549,ZCTA5 10549,57204,5563
8600000US10550,10550,ZCTA5 10550,23387,1219
8600000US10552,10552,ZCTA5 10552,41689,2176
8600000US10553,10553,ZCTA5 10553,28365,2496
8600000US10560,10560,ZCTA5 10560,69663,10997
8600000US10562,10562,ZCTA5 10562,36120,1902
8600000US10566,10566,ZCTA5 10566,32407,3001
8600000US10567,10567,ZCTA5 10567,50080,2663
8600000US10570,10570,ZCTA5 10570,57076,4867
8600000US10573,10573,ZCTA5 10573,37967,2374
8600000US10576,10576,ZCTA5 10576,126593,18485
8600000US10577,10577,ZCTA5 10577,54963,16729
8600000US10578,10578,ZCTA5 10578,38378,9086
8600000US10579,10579,ZCTA5 10579,46908,4217
8600000US10580,10580,ZCTA5 10580,96920,5736
8600000US10583,10583,ZCTA5 10583,100087,4651
8600000US10588,10588,ZCTA5 10588,37021,5716
8600000US10589,10589,ZCTA5 10589,58420,6478
8600000US10590,10590,ZCTA5 10590,70172,7948
8600000US10591,10591,ZCTA5 10591,51093,4072
8600000US10594,10594,ZCTA5 10594,50327,4542
8600000US10595,10595,ZCTA5 10595,42210,5957
8600000US10596,10596,ZCTA5 10596,35586,7809
8600000US10597,10597,ZCTA5 10597,121502,20518
8600000US10598,10598,ZCTA5 10598,51727,3331
8600000US10601,10601,ZCTA5 10601,55196,8293
8600000US10603,10603,ZCTA5 10603,47048,2918
8600000US10604,10604,ZCTA5 10604,51097,5868
8600000US10605,10605,ZCTA5 10605,58155,4574
8600000US10606,10606,ZCTA5 10606,36351,3259
8600000US10607,10607,ZCTA5 10607,53855,4828
8600000US10701,10701,ZCTA5 10701,25969,1192
8600000US10703,10703,ZCTA5 10703,26932,1851
8600000US10704,10704,ZCTA5 10704,35853,1763
8600000US10705,10705,ZCTA5 10705,24269,1473
8600000US10706,10706,ZCTA5 10706,70934,5534
8600000US10707,10707,ZCTA5 10707,55540,5924
8600000US10708,10708,ZCTA5 10708,74613,4254
8600000US10709,10709,ZCTA5 10709,57988,5114
8600000US10710,10710,ZCTA5 10710,41988,2150
8600000US10801,10801,ZCTA5 10801,31032,1610
8600000US10803,10803,ZCTA5 10803,77330,5615
8600000US10804,10804,ZCTA5 10804,87302,6457
8600000US10805,10805,ZCTA5 10805,34859,2922
8600000US10901,10901,ZCTA5 10901,45748,2638
8600000US10911,10911,ZCTA5 10911,-,**
8600000US10913,10913,ZCTA5 10913,46831,5007
8600000US10914,10914,ZCTA5 10914,41271,11910
8600000US10915,10915,ZCTA5 10915,45464,4975
8600000US10916,10916,ZCTA5 10916,38073,4184
8600000US10917,10917,ZCTA5 10917,41346,8819
8600000US10918,10918,ZCTA5 10918,35551,2774
8600000US10919,10919,ZCTA5 10919,32837,7101
8600000US10920,10920,ZCTA5 10920,42649,3210
8600000US10921,10921,ZCTA5 10921,38163,3786
8600000US10922,10922,ZCTA5 10922,41227,5738
8600000US10923,10923,ZCTA5 10923,31866,3073
8600000US10924,10924,ZCTA5 10924,41205,3447
8600000US10925,10925,ZCTA5 10925,39768,5837
8600000US10926,10926,ZCTA5 10926,35065,4022
8600000US10927,10927,ZCTA5 10927,24435,2038
8600000US10928,10928,ZCTA5 10928,41435,4735
8600000US10930,10930,ZCTA5 10930,44260,4140
8600000US10931,10931,ZCTA5 10931,29191,3978
8600000US10932,10932,ZCTA5 10932,16067,13687
8600000US10933,10933,ZCTA5 10933,23675,6404
8600000US10940,10940,ZCTA5 10940,29448,1390
8600000US10941,10941,ZCTA5 10941,32777,2413
8600000US10950,10950,ZCTA5 10950,23668,1032
8600000US10952,10952,ZCTA5 10952,18850,1003
8600000US10953,10953,ZCTA5 10953,58662,20294
8600000US10954,10954,ZCTA5 10954,44791,3261
8600000US10956,10956,ZCTA5 10956,51630,2193
8600000US10958,10958,ZCTA5 10958,31177,2814
8600000US10960,10960,ZCTA5 10960,49634,4034
8600000US10962,10962,ZCTA5 10962,47744,7132
8600000US10963,10963,ZCTA5 10963,23638,4475
8600000US10964,10964,ZCTA5 10964,70664,14444
8600000US10965,10965,ZCTA5 10965,47856,3465
8600000US10968,10968,ZCTA5 10968,82415,25079
8600000US10969,10969,ZCTA5 10969,42143,11554
8600000US10970,10970,ZCTA5 10970,41573,3632
8600000US10973,10973,ZCTA5 10973,39565,6791
8600000US10974,10974,ZCTA5 10974,36326,2664
8600000US10975,10975,ZCTA5 10975,75907,33695
8600000US10976,10976,ZCTA5 10976,34128,6057
8600000US10977,10977,ZCTA5 10977,22360,1747
8600000US10979,10979,ZCTA5 10979,19981,4065
8600000US10980,10980,ZCTA5 10980,39711,2623
8600000US10983,10983,ZCTA5 10983,50734,9271
8600000US10984,10984,ZCTA5 10984,41110,4933
8600000US10985,10985,ZCTA5 10985,47868,22050
8600000US10986,10986,ZCTA5 10986,56319,9142
8600000US10987,10987,ZCTA5 10987,59084,5385
8600000US10988,10988,ZCTA5 10988,36720,9175
8600000US10989,10989,ZCTA5 10989,45155,3892
8600000US10990,10990,ZCTA5 10990,47053,5674
8600000US10992,10992,ZCTA5 10992,36542,2424
8600000US10993,10993,ZCTA5 10993,22702,3066
8600000US10994,10994,ZCTA5 10994,54696,5232
8600000US10996,10996,ZCTA5 10996,19957,2188
8600000US10998,10998,ZCTA5 10998,33654,4501
8600000US11001,11001,ZCTA5 11001,41986,2103
8600000US11003,11003,ZCTA5 11003,30492,1445
8600000US11004,11004,ZCTA5 11004,38119,2994
8600000US11005,11005,ZCTA5 11005,56302,15163
8600000US11010,11010,ZCTA5 11010,36963,1887
8600000US11020,11020,ZCTA5 11020,60793,9611
8600000US11021,11021,ZCTA5 11021,63756,3706
8600000US11023,11023,ZCTA5 11023,49442,6760
8600000US11024,11024,ZCTA5 11024,56747,8699
8600000US11030,11030,ZCTA5 11030,93443,7164
8600000US11040,11040,ZCTA5 11040,45105,2068
8600000US11042,11042,ZCTA5 11042,21133,3616
8600000US11050,11050,ZCTA5 11050,67211,4302
8600000US11096,11096,ZCTA5 11096,22723,2795
8600000US11101,11101,ZCTA5 11101,43063,2676
8600000US11102,11102,ZCTA5 11102,35275,2124
8600000US11103,11103,ZCTA5 11103,36827,1505
8600000US11104,11104,ZCTA5 11104,37114,2359
8600000US11105,11105,ZCTA5 11105,38318,1573
8600000US11106,11106,ZCTA5 11106,35257,1731
8600000US11109,11109,ZCTA5 11109,91942,9038
8600000US11201,11201,ZCTA5 11201,77491,3613
8600000US11203,11203,ZCTA5 11203,24026,685
8600000US11204,11204,ZCTA5 11204,21587,850
8600000US11205,11205,ZCTA5 11205,28894,1553
8600000US11206,11206,ZCTA5 11206,21148,1040
8600000US11207,11207,ZCTA5 11207,19498,790
8600000US11208,11208,ZCTA5 11208,18319,770
8600000US11209,11209,ZCTA5 11209,41538,1521
8600000US11210,11210,ZCTA5 11210,28212,1006
8600000US11211,11211,ZCTA5 11211,39123,1671
8600000US11212,11212,ZCTA5 11212,18150,1447
8600000US11213,11213,ZCTA5 11213,22191,944
8600000US11214,11214,ZCTA5 11214,25791,950
8600000US11215,11215,ZCTA5 11215,67148,2868
8600000US11216,11216,ZCTA5 11216,34644,1874
8600000US11217,11217,ZCTA5 11217,63967,3146
8600000US11218,11218,ZCTA5 11218,29112,1299
8600000US11219,11219,ZCTA5 11219,15725,707
8600000US11220,11220,ZCTA5 11220,18459,617
8600000US11221,11221,ZCTA5 11221,24707,966
8600000US11222,11222,ZCTA5 11222,46592,1661
8600000US11223,11223,ZCTA5 11223,24860,1042
8600000US11224,11224,ZCTA5 11224,22584,1665
8600000US11225,11225,ZCTA5 11225,30351,1373
8600000US11226,11226,ZCTA5 11226,24798,963
8600000US11228,11228,ZCTA5 11228,30740,1069
8600000US11229,11229,ZCTA5 11229,29597,995
8600000US11230,11230,ZCTA5 11230,25810,987
8600000US11231,11231,ZCTA5 11231,60619,3433
8600000US11232,11232,ZCTA5 11232,24043,2388
8600000US11233,11233,ZCTA5 11233,22163,861
8600000US11234,11234,ZCTA5 11234,33502,1039
8600000US11235,11235,ZCTA5 11235,31005,1203
8600000US11236,11236,ZCTA5 11236,26886,689
8600000US11237,11237,ZCTA5 11237,23115,1022
8600000US11238,11238,ZCTA5 11238,49004,2183
8600000US11239,11239,ZCTA5 11239,19375,1779
8600000US11351,11351,ZCTA5 11351,-,**
8600000US11354,11354,ZCTA5 11354,24252,1282
8600000US11355,11355,ZCTA5 11355,20034,769
8600000US11356,11356,ZCTA5 11356,25148,1853
8600000US11357,11357,ZCTA5 11357,37105,2333
8600000US11358,11358,ZCTA5 11358,32137,1264
8600000US11359,11359,ZCTA5 11359,-,**
8600000US11360,11360,ZCTA5 11360,45446,2629
8600000US11361,11361,ZCTA5 11361,37166,1496
8600000US11362,11362,ZCTA5 11362,38986,2639
8600000US11363,11363,ZCTA5 11363,46719,5643
8600000US11364,11364,ZCTA5 11364,36515,2079
8600000US11365,11365,ZCTA5 11365,29830,1735
8600000US11366,11366,ZCTA5 11366,31649,1925
8600000US11367,11367,ZCTA5 11367,27413,1485
8600000US11368,11368,ZCTA5 11368,16826,697
8600000US11369,11369,ZCTA5 11369,21685,960
8600000US11370,11370,ZCTA5 11370,22720,2402
8600000US11371,11371,ZCTA5 11371,-,**
8600000US11372,11372,ZCTA5 11372,27761,1481
8600000US11373,11373,ZCTA5 11373,22249,884
8600000US11374,11374,ZCTA5 11374,35632,1814
8600000US11375,11375,ZCTA5 11375,46430,1632
8600000US11377,11377,ZCTA5 11377,25978,825
8600000US11378,11378,ZCTA5 11378,32263,1593
8600000US11379,11379,ZCTA5 11379,36301,1307
8600000US11385,11385,ZCTA5 11385,27568,749
8600000US11411,11411,ZCTA5 11411,33473,1386
8600000US11412,11412,ZCTA5 11412,27935,1048
8600000US11413,11413,ZCTA5 11413,30087,1165
8600000US11414,11414,ZCTA5 11414,36334,3096
8600000US11415,11415,ZCTA5 11415,37544,3287
8600000US11416,11416,ZCTA5 11416,21709,979
8600000US11417,11417,ZCTA5 11417,25481,1345
8600000US11418,11418,ZCTA5 11418,24653,1319
8600000US11419,11419,ZCTA5 11419,22049,748
8600000US11420,11420,ZCTA5 11420,24460,1125
8600000US11421,11421,ZCTA5 11421,25205,1188
8600000US11422,11422,ZCTA5 11422,30216,1564
8600000US11423,11423,ZCTA5 11423,27902,1323
8600000US11424,11424,ZCTA5 11424,-,**
8600000US11425,11425,ZCTA5 11425,-,**
8600000US11426,11426,ZCTA5 11426,32021,2247
8600000US11427,11427,ZCTA5 11427,32110,2250
8600000US11428,11428,ZCTA5 11428,25256,1049
8600000US11429,11429,ZCTA5 11429,27442,1359
8600000US11430,11430,ZCTA5 11430,7330,2094
8600000US11432,11432,ZCTA5 11432,23174,1006
8600000US11433,11433,ZCTA5 11433,20816,1289
8600000US11434,11434,ZCTA5 11434,25446,798
8600000US11435,11435,ZCTA5 11435,25498,1188
8600000US11436,11436,ZCTA5 11436,25222,1652
8600000US11451,11451,ZCTA5 11451,-,**
8600000US11501,11501,ZCTA5 11501,43755,3827
8600000US11507,11507,ZCTA5 11507,52213,4212
8600000US11509,11509,ZCTA5 11509,86671,15894
8600000US11510,11510,ZCTA5 11510,38466,1624
8600000US11514,11514,ZCTA5 11514,43109,6273
8600000US11516,11516,ZCTA5 11516,36818,4509
8600000US11518,11518,ZCTA5 11518,45230,4007
8600000US11520,11520,ZCTA5 11520,29830,1153
8600000US11530,11530,ZCTA5 11530,66042,3921
8600000US11542,11542,ZCTA5 11542,39658,2804
8600000US11545,11545,ZCTA5 11545,85083,6128
8600000US11547,11547,ZCTA5 11547,47352,14675
8600000US11548,11548,ZCTA5 11548,36389,10289
8600000US11549,11549,ZCTA5 11549,3945,775
8600000US11550,11550,ZCTA5 11550,23540,985
8600000US11552,11552,ZCTA5 11552,39363,2503
8600000US11553,11553,ZCTA5 11553,23131,1186
8600000US11554,11554,ZCTA5 11554,39549,2105
8600000US11556,11556,ZCTA5 11556,26550,39553
8600000US11557,11557,ZCTA5 11557,62295,5498
8600000US11558,11558,ZCTA5 11558,39520,3255
8600000US11559,11559,ZCTA5 11559,70822,15413
8600000US11560,11560,ZCTA5 11560,75115,7101
8600000US11561,11561,ZCTA5 11561,53388,2786
8600000US11563,11563,ZCTA5 11563,43438,2780
8600000US11565,11565,ZCTA5 11565,48938,4439
8600000US11566,11566,ZCTA5 11566,55442,1985
8600000US11568,11568,ZCTA5 11568,75136,13354
8600000US11569,11569,ZCTA5 11569,73771,18186
8600000US11570,11570,ZCTA5 11570,55377,2702
8600000US11572,11572,ZCTA5 11572,45505,2057
8600000US11575,11575,ZCTA5 11575,26117,1872
8600000US11576,11576,ZCTA5 11576,84724,5571
8600000US11577,11577,ZCTA5 11577,60884,4757
8600000US11579,11579,ZCTA5 11579,57550,6766
8600000US11580,11580,ZCTA5 11580,36098,1553
8600000US11581,11581,ZCTA5 11581,43109,2551
8600000US11590,11590,ZCTA5 11590,37909,1342
8600000US11596,11596,ZCTA5 11596,54484,4447
8600000US11598,11598,ZCTA5 11598,53159,5254
8600000US11691,11691,ZCTA5 11691,19799,1020
8600000US11692,11692,ZCTA5 11692,21492,1821
8600000US11693,11693,ZCTA5 11693,28735,2151
8600000US11694,11694,ZCTA5 11694,43411,2511
8600000US11697,11697,ZCTA5 11697,48159,5495
8600000US11701,11701,ZCTA5 11701,30237,1879
8600000US11702,11702,ZCTA5 11702,52975,3888
8600000US11703,11703,ZCTA5 11703,38098,2766
8600000US11704,11704,ZCTA5 11704,34400,1688
8600000US11705,11705,ZCTA5 11705,48604,3527
8600000US11706,11706,ZCTA5 11706,29806,1483
8600000US11709,11709,ZCTA5 11709,49690,5112
8600000US11710,11710,ZCTA5 11710,47118,2433
8600000US11713,11713,ZCTA5 11713,33571,3336
8600000US11714,11714,ZCTA5 11714,41501,2367
8600000US11715,11715,ZCTA5 11715,45965,4464
8600000US11716,11716,ZCTA5 11716,39034,3332
8600000US11717,11717,ZCTA5 11717,22651,1361
8600000US11718,11718,ZCTA5 11718,60678,7409
8600000US11719,11719,ZCTA5 11719,38564,4580
8600000US11720,11720,ZCTA5 11720,36343,1792
8600000US11721,11721,ZCTA5 11721,62148,6168
8600000US11722,11722,ZCTA5 11722,24839,1315
8600000US11724,11724,ZCTA5 11724,88451,11664
8600000US11725,11725,ZCTA5 11725,48697,1868
8600000US11726,11726,ZCTA5 11726,26478,1588
8600000US11727,11727,ZCTA5 11727,35155,2540
8600000US11729,11729,ZCTA5 11729,34339,1692
8600000US11730,11730,ZCTA5 11730,44395,5263
8600000US11731,11731,ZCTA5 11731,43816,1842
8600000US11732,11732,ZCTA5 11732,64293,7624
8600000US11733,11733,ZCTA5 11733,62622,3800
8600000US11735,11735,ZCTA5 11735,41790,2626
8600000US11738,11738,ZCTA5 11738,36637,2555
8600000US11739,11739,ZCTA5 11739,53088,10029
8600000US11740,11740,ZCTA5 11740,47221,3751
8600000US11741,11741,ZCTA5 11741,40026,1958
8600000US11742,11742,ZCTA5 11742,42318,3194
8600000US11743,11743,ZCTA5 11743,62687,3243
8600000US11746,11746,ZCTA5 11746,44827,2022
8600000US11747,11747,ZCTA5 11747,62129,5308
8600000US11749,11749,ZCTA5 11749,32653,2839
8600000US11751,11751,ZCTA5 11751,42450,3004
8600000US11752,11752,ZCTA5 11752,37735,3108
8600000US11753,11753,ZCTA5 11753,77584,7422
8600000US11754,11754,ZCTA5 11754,48635,3520
8600000US11755,11755,ZCTA5 11755,44091,3107
8600000US11756,11756,ZCTA5 11756,38781,1649
8600000US11757,11757,ZCTA5 11757,34269,1157
8600000US11758,11758,ZCTA5 11758,46956,1582
8600000US11762,11762,ZCTA5 11762,44602,1917
8600000US11763,11763,ZCTA5 11763,33562,2210
8600000US11764,11764,ZCTA5 11764,44795,5071
8600000US11765,11765,ZCTA5 11765,125220,29137
8600000US11766,11766,ZCTA5 11766,46739,4014
8600000US11767,11767,ZCTA5 11767,45012,3008
8600000US11768,11768,ZCTA5 11768,60033,4756
8600000US11769,11769,ZCTA5 11769,44203,3075
8600000US11770,11770,ZCTA5 11770,50122,18280
8600000US11771,11771,ZCTA5 11771,79890,11454
8600000US11772,11772,ZCTA5 11772,34285,2044
8600000US11776,11776,ZCTA5 11776,37480,2205
8600000US11777,11777,ZCTA5 11777,59247,4914
8600000US11778,11778,ZCTA5 11778,39896,4047
8600000US11779,11779,ZCTA5 11779,35222,1221
8600000US11780,11780,ZCTA5 11780,56623,4141
8600000US11782,11782,ZCTA5 11782,48452,2727
8600000US11783,11783,ZCTA5 11783,47516,2462
8600000US11784,11784,ZCTA5 11784,31035,1438
8600000US11786,11786,ZCTA5 11786,44597,3544
8600000US11787,11787,ZCTA5 11787,48881,2112
8600000US11788,11788,ZCTA5 11788,43177,2132
8600000US11789,11789,ZCTA5 11789,40587,5582
8600000US11790,11790,ZCTA5 11790,41950,3520
8600000US11791,11791,ZCTA5 11791,73725,3968
8600000US11792,11792,ZCTA5 11792,50023,4533
8600000US11793,11793,ZCTA5 11793,48910,3070
8600000US11794,11794,ZCTA5 11794,3966,3159
8600000US11795,11795,ZCTA5 11795,43040,1938
8600000US11796,11796,ZCTA5 11796,37982,3674
8600000US11797,11797,ZCTA5 11797,84151,8342
8600000US11798,11798,ZCTA5 11798,24503,1565
8600000US11801,11801,ZCTA5 11801,38825,1942
8600000US11803,11803,ZCTA5 11803,56403,2694
8600000US11804,11804,ZCTA5 11804,55709,8318
8600000US11901,11901,ZCTA5 11901,30276,2533
8600000US11930,11930,ZCTA5 11930,69935,13632
8600000US11932,11932,ZCTA5 11932,76389,21845
8600000US11933,11933,ZCTA5 11933,38204,4252
8600000US11934,11934,ZCTA5 11934,39941,6296
8600000US11935,11935,ZCTA5 11935,48279,8230
8600000US11937,11937,ZCTA5 11937,66958,8230
8600000US11939,11939,ZCTA5 11939,47648,7232
8600000US11940,11940,ZCTA5 11940,43774,5208
8600000US11941,11941,ZCTA5 11941,50090,9625
8600000US11942,11942,ZCTA5 11942,41102,3526
8600000US11944,11944,ZCTA5 11944,41622,6832
8600000US11946,11946,ZCTA5 11946,42936,3187
8600000US11947,11947,ZCTA5 11947,60464,15505
8600000US11948,11948,ZCTA5 11948,51603,25535
8600000US11949,11949,ZCTA5 11949,40446,3288
8600000US11950,11950,ZCTA5 11950,24631,1833
8600000US11951,11951,ZCTA5 11951,28266,2835
8600000US11952,11952,ZCTA5 11952,46803,11376
8600000US11953,11953,ZCTA5 11953,34315,1800
8600000US11954,11954,ZCTA5 11954,45852,5489
8600000US11955,11955,ZCTA5 11955,42867,6283
8600000US11956,11956,ZCTA5 11956,53516,10943
8600000US11957,11957,ZCTA5 11957,48720,10673
8600000US11958,11958,ZCTA5 11958,67125,19391
8600000US11959,11959,ZCTA5 11959,55828,11074
8600000US11960,11960,ZCTA5 11960,49884,15630
8600000US11961,11961,ZCTA5 11961,34900,2372
8600000US11962,11962,ZCTA5 11962,107046,50098
8600000US11963,11963,ZCTA5 11963,60482,7660
8600000US11964,11964,ZCTA5 11964,53903,16913
8600000US11965,11965,ZCTA5 11965,63406,30151
8600000US11967,11967,ZCTA5 11967,28565,1894
8600000US11968,11968,ZCTA5 11968,61771,9273
8600000US11970,11970,ZCTA5 11970,33124,22949
8600000US11971,11971,ZCTA5 11971,50352,9873
8600000US11972,11972,ZCTA5 11972,46881,11741
8600000US11973,11973,ZCTA5 11973,5386,7068
8600000US11975,11975,ZCTA5 11975,45074,19192
8600000US11976,11976,ZCTA5 11976,91602,22658
8600000US11977,11977,ZCTA5 11977,56158,8134
8600000US11978,11978,ZCTA5 11978,55997,6831
8600000US11980,11980,ZCTA5 11980,38834,3230
8600000US12007,12007,ZCTA5 12007,-,**
8600000US12008,12008,ZCTA5 12008,39391,8324
8600000US12009,12009,ZCTA5 12009,42810,3006
8600000US12010,12010,ZCTA5 12010,27059,1278
8600000US12015,12015,ZCTA5 12015,29496,2870
8600000US12017,12017,ZCTA5 12017,43575,14405
8600000US12018,12018,ZCTA5 12018,42422,4360
8600000US12019,12019,ZCTA5 12019,46269,2606
8600000US12020,12020,ZCTA5 12020,36768,1827
8600000US12022,12022,ZCTA5 12022,33344,6353
8600000US12023,12023,ZCTA5 12023,31816,3014
8600000US12024,12024,ZCTA5 12024,-,**
8600000US12025,12025,ZCTA5 12025,33325,3034
8600000US12027,12027,ZCTA5 12027,42852,4346
8600000US12028,12028,ZCTA5 12028,30238,6470
8600000US12029,12029,ZCTA5 12029,40142,10029
8600000US12031,12031,ZCTA5 12031,19740,4839
8600000US12032,12032,ZCTA5 12032,29178,4083
8600000US12033,12033,ZCTA5 12033,41893,6821
8600000US12035,12035,ZCTA5 12035,22538,4529
8600000US12036,12036,ZCTA5 12036,22631,4687
8600000US12037,12037,ZCTA5 12037,35900,3415
8600000US12040,12040,ZCTA5 12040,16372,11539
8600000US12041,12041,ZCTA5 12041,32146,5067
8600000US12042,12042,ZCTA5 12042,31073,10135
8600000US12043,12043,ZCTA5 12043,24304,1934
8600000US12045,12045,ZCTA5 12045,31499,5199
8600000US12046,12046,ZCTA5 12046,33845,5695
8600000US12047,12047,ZCTA5 12047,30714,1702
8600000US12051,12051,ZCTA5 12051,18794,2368
8600000US12052,12052,ZCTA5 12052,33465,5168
8600000US12053,12053,ZCTA5 12053,31687,3358
8600000US12054,12054,ZCTA5 12054,50729,3648
8600000US12056,12056,ZCTA5 12056,31737,5597
8600000US12057,12057,ZCTA5 12057,26963,3115
8600000US12058,12058,ZCTA5 12058,28312,3563
8600000US12059,12059,ZCTA5 12059,37010,3924
8600000US12060,12060,ZCTA5 12060,43088,7474
8600000US12061,12061,ZCTA5 12061,43518,3518
8600000US12062,12062,ZCTA5 12062,31754,3913
8600000US12063,12063,ZCTA5 12063,38766,17212
8600000US12064,12064,ZCTA5 12064,26590,5156
8600000US12065,12065,ZCTA5 12065,42749,1481
8600000US12066,12066,ZCTA5 12066,33528,5271
8600000US12067,12067,ZCTA5 12067,32224,4781
8600000US12068,12068,ZCTA5 12068,29957,6106
8600000US12069,12069,ZCTA5 12069,16428,12611
8600000US12070,12070,ZCTA5 12070,36261,10309
8600000US12071,12071,ZCTA5 12071,25105,6184
8600000US12072,12072,ZCTA5 12072,22859,3947
8600000US12074,12074,ZCTA5 12074,37221,4575
8600000US12075,12075,ZCTA5 12075,28185,3657
8600000US12076,12076,ZCTA5 12076,26983,2652
8600000US12077,12077,ZCTA5 12077,49883,5485
8600000US12078,12078,ZCTA5 12078,23367,1436
8600000US12083,12083,ZCTA5 12083,32705,3143
8600000US12084,12084,ZCTA5 12084,39130,4665
8600000US12085,12085,ZCTA5 12085,17054,4488
8600000US12086,12086,ZCTA5 12086,30331,4720
8600000US12087,12087,ZCTA5 12087,23168,4134
8600000US12089,12089,ZCTA5 12089,46023,4700
8600000US12090,12090,ZCTA5 12090,25721,2349
8600000US12092,12092,ZCTA5 12092,26604,4933
8600000US12093,12093,ZCTA5 12093,25331,2929
8600000US12094,12094,ZCTA5 12094,30922,5408
8600000US12095,12095,ZCTA5 12095,28164,3356
8600000US12106,12106,ZCTA5 12106,43873,5490
8600000US12108,12108,ZCTA5 12108,28681,9217
8600000US12110,12110,ZCTA5 12110,32198,1709
8600000US12115,12115,ZCTA5 12115,51062,22522
8600000US12116,12116,ZCTA5 12116,25634,3417
8600000US12117,12117,ZCTA5 12117,28158,2982
8600000US12118,12118,ZCTA5 12118,38019,2686
8600000US12120,12120,ZCTA5 12120,32615,4955
8600000US12121,12121,ZCTA5 12121,32726,4466
8600000US12122,12122,ZCTA5 12122,26841,2813
8600000US12123,12123,ZCTA5 12123,36239,2930
8600000US12124,12124,ZCTA5 12124,43012,15140
8600000US12125,12125,ZCTA5 12125,35491,6604
8600000US12130,12130,ZCTA5 12130,34197,11199
8600000US12131,12131,ZCTA5 12131,25884,9998
8600000US12132,12132,ZCTA5 12132,19676,8220
8600000US12134,12134,ZCTA5 12134,26240,1971
8600000US12136,12136,ZCTA5 12136,55071,14821
8600000US12137,12137,ZCTA5 12137,27285,4632
8600000US12138,12138,ZCTA5 12138,31427,2973
8600000US12139,12139,ZCTA5 12139,24503,8942
8600000US12140,12140,ZCTA5 12140,39334,4968
8600000US12143,12143,ZCTA5 12143,28977,2278
8600000US12144,12144,ZCTA5 12144,34774,1927
8600000US12147,12147,ZCTA5 12147,34427,8065
8600000US12148,12148,ZCTA5 12148,47534,4343
8600000US12149,12149,ZCTA5 12149,25170,1990
8600000US12150,12150,ZCTA5 12150,27849,6708
8600000US12151,12151,ZCTA5 12151,47792,9807
8600000US12153,12153,ZCTA5 12153,29839,7740
8600000US12154,12154,ZCTA5 12154,30395,3737
8600000US12155,12155,ZCTA5 12155,23493,3324
8600000US12156,12156,ZCTA5 12156,33812,7666
8600000US12157,12157,ZCTA5 12157,31060,3450
8600000US12158,12158,ZCTA5 12158,37901,3862
8600000US12159,12159,ZCTA5 12159,60495,6794
8600000US12160,12160,ZCTA5 12160,31467,8797
8600000US12161,12161,ZCTA5 12161,37228,2514
8600000US12164,12164,ZCTA5 12164,32253,4830
8600000US12165,12165,ZCTA5 12165,37501,15841
8600000US12166,12166,ZCTA5 12166,25355,3441
8600000US12167,12167,ZCTA5 12167,26461,2693
8600000US12168,12168,ZCTA5 12168,37594,5930
8600000US12169,12169,ZCTA5 12169,44736,11456
8600000US12170,12170,ZCTA5 12170,31000,3391
8600000US12172,12172,ZCTA5 12172,14952,2670
8600000US12173,12173,ZCTA5 12173,30759,3255
8600000US12174,12174,ZCTA5 12174,27282,12761
8600000US12175,12175,ZCTA5 12175,25922,5008
8600000US12176,12176,ZCTA5 12176,27371,6126
8600000US12177,12177,ZCTA5 12177,38624,14801
8600000US12180,12180,ZCTA5 12180,28963,1263
8600000US12182,12182,ZCTA5 12182,25290,1819
8600000US12183,12183,ZCTA5 12183,28686,3050
8600000US12184,12184,ZCTA5 12184,35328,3792
8600000US12185,12185,ZCTA5 12185,36836,5252
8600000US12186,12186,ZCTA5 12186,45970,3261
8600000US12187,12187,ZCTA5 12187,28798,6387
8600000US12188,12188,ZCTA5 12188,37721,2790
8600000US12189,12189,ZCTA5 12189,31347,2161
8600000US12190,12190,ZCTA5 12190,23922,3848
8600000US12192,12192,ZCTA5 12192,39970,13428
8600000US12193,12193,ZCTA5 12193,35084,5906
8600000US12194,12194,ZCTA5 12194,25153,5423
8600000US12195,12195,ZCTA5 12195,22338,7941
8600000US12196,12196,ZCTA5 12196,39540,6833
8600000US12197,12197,ZCTA5 12197,25177,3139
8600000US12198,12198,ZCTA5 12198,40596,3662
8600000US12202,12202,ZCTA5 12202,19312,1789
8600000US12203,12203,ZCTA5 12203,34166,1891
8600000US12204,12204,ZCTA5 12204,35636,5783
8600000US12205,12205,ZCTA5 12205,32670,1368
8600000US12206,12206,ZCTA5 12206,19864,2181
8600000US12207,12207,ZCTA5 12207,14998,3698
8600000US12208,12208,ZCTA5 12208,36330,1979
8600000US12209,12209,ZCTA5 12209,26151,3022
8600000US12210,12210,ZCTA5 12210,38320,5728
8600000US12211,12211,ZCTA5 12211,51375,4649
8600000US12222,12222,ZCTA5 12222,2865,326
8600000US12302,12302,ZCTA5 12302,34281,1617
8600000US12303,12303,ZCTA5 12303,32589,1914
8600000US12304,12304,ZCTA5 12304,26122,1934
8600000US12305,12305,ZCTA5 12305,21937,2465
8600000US12306,12306,ZCTA5 12306,28758,1367
8600000US12307,12307,ZCTA5 12307,15012,2735
8600000US12308,12308,ZCTA5 12308,23141,1645
8600000US12309,12309,ZCTA5 12309,43809,2532
8600000US12401,12401,ZCTA5 12401,28460,1207
8600000US12404,12404,ZCTA5 12404,56516,14235
8600000US12405,12405,ZCTA5 12405,24411,6253
8600000US12406,12406,ZCTA5 12406,40555,21432
8600000US12407,12407,ZCTA5 12407,33859,12568
8600000US12409,12409,ZCTA5 12409,54246,12302
8600000US12410,12410,ZCTA5 12410,32001,5438
8600000US12411,12411,ZCTA5 12411,30464,6466
8600000US12412,12412,ZCTA5 12412,36332,17288
8600000US12413,12413,ZCTA5 12413,23792,3338
8600000US12414,12414,ZCTA5 12414,25373,2451
8600000US12416,12416,ZCTA5 12416,11937,9022
8600000US12417,12417,ZCTA5 12417,24093,8639
8600000US12418,12418,ZCTA5 12418,28101,12774
8600000US12419,12419,ZCTA5 12419,24538,8822
8600000US12420,12420,ZCTA5 12420,43479,16028
8600000US12421,12421,ZCTA5 12421,43473,14768
8600000US12422,12422,ZCTA5 12422,38826,8150
8600000US12423,12423,ZCTA5 12423,28759,6108
8600000US12424,12424,ZCTA5 12424,43561,12294
8600000US12427,12427,ZCTA5 12427,41400,26669
8600000US12428,12428,ZCTA5 12428,22537,2646
8600000US12429,12429,ZCTA5 12429,33681,24047
8600000US12430,12430,ZCTA5 12430,31128,3948
8600000US12431,12431,ZCTA5 12431,21609,4764
8600000US12432,12432,ZCTA5 12432,19704,4198
8600000US12433,12433,ZCTA5 12433,54752,12508
8600000US12434,12434,ZCTA5 12434,23823,4439
8600000US12435,12435,ZCTA5 12435,21795,8634
8600000US12436,12436,ZCTA5 12436,76618,44093
8600000US12438,12438,ZCTA5 12438,30308,24822
8600000US12439,12439,ZCTA5 12439,28068,6372
8600000US12440,12440,ZCTA5 12440,32537,5762
8600000US12441,12441,ZCTA5 12441,51792,28377
8600000US12442,12442,ZCTA5 12442,36920,15211
8600000US12443,12443,ZCTA5 12443,48969,8445
8600000US12444,12444,ZCTA5 12444,30371,6700
8600000US12446,12446,ZCTA5 12446,28735,4291
8600000US12448,12448,ZCTA5 12448,122844,68095
8600000US12449,12449,ZCTA5 12449,30591,6759
8600000US12450,12450,ZCTA5 12450,26137,2376
8600000US12451,12451,ZCTA5 12451,26229,5864
8600000US12452,12452,ZCTA5 12452,17293,4249
8600000US12453,12453,ZCTA5 12453,18014,9650
8600000US12454,12454,ZCTA5 12454,31022,9000
8600000US12455,12455,ZCTA5 12455,24899,5251
8600000US12456,12456,ZCTA5 12456,16392,4189
8600000US12457,12457,ZCTA5 12457,35586,14056
8600000US12458,12458,ZCTA5 12458,21979,3092
8600000US12459,12459,ZCTA5 12459,42863,18932
8600000US12460,12460,ZCTA5 12460,12774,4876
8600000US12461,12461,ZCTA5 12461,34580,4961
8600000US12463,12463,ZCTA5 12463,34145,8893
8600000US12464,12464,ZCTA5 12464,42035,11570
8600000US12465,12465,ZCTA5 12465,32680,9024
8600000US12466,12466,ZCTA5 12466,39150,5018
8600000US12468,12468,ZCTA5 12468,29109,7121
8600000US12469,12469,ZCTA5 12469,27646,3946
8600000US12470,12470,ZCTA5 12470,20865,8251
8600000US12471,12471,ZCTA5 12471,24434,21832
8600000US12472,12472,ZCTA5 12472,28721,3534
8600000US12473,12473,ZCTA5 12473,27626,3927
8600000US12474,12474,ZCTA5 12474,24205,5273
8600000US12475,12475,ZCTA5 12475,39243,21824
8600000US12477,12477,ZCTA5 12477,30337,1461
8600000US12480,12480,ZCTA5 12480,27139,5430
8600000US12481,12481,ZCTA5 12481,30228,7492
8600000US12482,12482,ZCTA5 12482,23355,5950
8600000US12483,12483,ZCTA5 12483,36827,11801
8600000US12484,12484,ZCTA5 12484,34079,4318
8600000US12485,12485,ZCTA5 12485,30541,3963
8600000US12486,12486,ZCTA5 12486,40335,6715
8600000US12487,12487,ZCTA5 12487,35131,6550
8600000US12489,12489,ZCTA5 12489,10280,3144
8600000US12491,12491,ZCTA5 12491,36228,8750
8600000US12492,12492,ZCTA5 12492,31404,4216
8600000US12493,12493,ZCTA5 12493,36014,10892
8600000US12494,12494,ZCTA5 12494,37216,7337
8600000US12495,12495,ZCTA5 12495,68874,30463
8600000US12496,12496,ZCTA5 12496,35832,6067
8600000US12498,12498,ZCTA5 12498,49173,5301
8600000US12501,12501,ZCTA5 12501,40094,13919
8600000US12502,12502,ZCTA5 12502,34645,5891
8600000US12503,12503,ZCTA5 12503,60466,19269
8600000US12504,12504,ZCTA5 12504,8510,2429
8600000US12507,12507,ZCTA5 12507,35251,10844
8600000US12508,12508,ZCTA5 12508,35435,2666
8600000US12512,12512,ZCTA5 12512,38801,2542
8600000US12513,12513,ZCTA5 12513,29938,7201
8600000US12514,12514,ZCTA5 12514,53885,8881
8600000US12515,12515,ZCTA5 12515,38227,9076
8600000US12516,12516,ZCTA5 12516,37140,12314
8600000US12517,12517,ZCTA5 12517,31697,12986
8600000US12518,12518,ZCTA5 12518,41644,4638
8600000US12520,12520,ZCTA5 12520,46758,5748
8600000US12521,12521,ZCTA5 12521,57842,15711
8600000US12522,12522,ZCTA5 12522,26454,2794
8600000US12523,12523,ZCTA5 12523,41119,6688
8600000US12524,12524,ZCTA5 12524,36228,2125
8600000US12525,12525,ZCTA5 12525,38897,9219
8600000US12526,12526,ZCTA5 12526,37755,3294
8600000US12527,12527,ZCTA5 12527,-,**
8600000US12528,12528,ZCTA5 12528,33528,2511
8600000US12529,12529,ZCTA5 12529,38668,8227
8600000US12530,12530,ZCTA5 12530,28770,12889
8600000US12531,12531,ZCTA5 12531,39259,5246
8600000US12533,12533,ZCTA5 12533,42158,2838
8600000US12534,12534,ZCTA5 12534,28782,2049
8600000US12538,12538,ZCTA5 12538,32706,2942
8600000US12540,12540,ZCTA5 12540,44244,3813
8600000US12542,12542,ZCTA5 12542,35832,3205
8600000US12543,12543,ZCTA5 12543,32926,3761
8600000US12545,12545,ZCTA5 12545,40875,4188
8600000US12546,12546,ZCTA5 12546,29785,3943
8600000US12547,12547,ZCTA5 12547,37561,4711
8600000US12548,12548,ZCTA5 12548,30898,6034
8600000US12549,12549,ZCTA5 12549,34449,2323
8600000US12550,12550,ZCTA5 12550,27795,1302
8600000US12553,12553,ZCTA5 12553,34723,1754
8600000US12561,12561,ZCTA5 12561,30389,2145
8600000US12563,12563,ZCTA5 12563,29357,2892
8600000US12564,12564,ZCTA5 12564,42430,5155
8600000US12565,12565,ZCTA5 12565,25258,7913
8600000US12566,12566,ZCTA5 12566,33161,3109
8600000US12567,12567,ZCTA5 12567,41697,6928
8600000US12569,12569,ZCTA5 12569,40749,6155
8600000US12570,12570,ZCTA5 12570,43822,2869
8600000US12571,12571,ZCTA5 12571,38970,3026
8600000US12572,12572,ZCTA5 12572,51020,4542
8600000US12574,12574,ZCTA5 12574,39261,21243
8600000US12575,12575,ZCTA5 12575,50728,12436
8600000US12577,12577,ZCTA5 12577,45099,8446
8600000US12578,12578,ZCTA5 12578,41866,7209
8600000US12580,12580,ZCTA5 12580,38271,4883
8600000US12581,12581,ZCTA5 12581,48235,11286
8600000US12582,12582,ZCTA5 12582,32419,3972
8600000US12583,12583,ZCTA5 12583,37299,7794
8600000US12585,12585,ZCTA5 12585,41061,11056
8600000US12586,12586,ZCTA5 12586,30929,2701
8600000US12589,12589,ZCTA5 12589,31215,2931
8600000US12590,12590,ZCTA5 12590,39143,2070
8600000US12592,12592,ZCTA5 12592,34491,13620
8600000US12594,12594,ZCTA5 12594,30291,3693
8600000US12601,12601,ZCTA5 12601,25440,1190
8600000US12603,12603,ZCTA5 12603,37692,1528
8600000US12604,12604,ZCTA5 12604,4711,2975
8600000US12701,12701,ZCTA5 12701,23046,2607
8600000US12719,12719,ZCTA5 12719,39021,6621
8600000US12720,12720,ZCTA5 12720,33834,4350
8600000US12721,12721,ZCTA5 12721,27645,2382
8600000US12722,12722,ZCTA5 12722,52400,27581
8600000US12723,12723,ZCTA5 12723,28321,4363
8600000US12724,12724,ZCTA5 12724,34812,15782
8600000US12725,12725,ZCTA5 12725,42618,13719
8600000US12726,12726,ZCTA5 12726,36373,6957
8600000US12729,12729,ZCTA5 12729,26860,6314
8600000US12732,12732,ZCTA5 12732,39208,16427
8600000US12733,12733,ZCTA5 12733,8630,2233
8600000US12734,12734,ZCTA5 12734,25562,4876
8600000US12736,12736,ZCTA5 12736,21916,13102
8600000US12737,12737,ZCTA5 12737,29035,3723
8600000US12738,12738,ZCTA5 12738,22910,8578
8600000US12740,12740,ZCTA5 12740,32641,5278
8600000US12741,12741,ZCTA5 12741,30730,5636
8600000US12742,12742,ZCTA5 12742,23471,10820
8600000US12743,12743,ZCTA5 12743,30809,13557
8600000US12745,12745,ZCTA5 12745,37695,14565
8600000US12746,12746,ZCTA5 12746,31616,4820
8600000US12747,12747,ZCTA5 12747,28779,4288
8600000US12748,12748,ZCTA5 12748,37067,12207
8600000US12749,12749,ZCTA5 12749,34753,11902
8600000US12750,12750,ZCTA5 12750,30522,8132
8600000US12751,12751,ZCTA5 12751,14174,3200
8600000US12752,12752,ZCTA5 12752,30233,8329
8600000US12754,12754,ZCTA5 12754,25049,4450
8600000US12758,12758,ZCTA5 12758,30516,8360
8600000US12759,12759,ZCTA5 12759,17249,6828
8600000US12760,12760,ZCTA5 12760,35547,8524
8600000US12762,12762,ZCTA5 12762,19570,7926
8600000US12763,12763,ZCTA5 12763,24320,6921
8600000US12764,12764,ZCTA5 12764,33210,4740
8600000US12765,12765,ZCTA5 12765,30497,5863
8600000US12766,12766,ZCTA5 12766,30327,7077
8600000US12767,12767,ZCTA5 12767,34841,9776
8600000US12768,12768,ZCTA5 12768,34064,5104
8600000US12769,12769,ZCTA5 12769,41865,7817
8600000US12770,12770,ZCTA5 12770,27351,6064
8600000US12771,12771,ZCTA5 12771,29665,2933
8600000US12775,12775,ZCTA5 12775,39554,3981
8600000US12776,12776,ZCTA5 12776,37656,9056
8600000US12777,12777,ZCTA5 12777,49940,9771
8600000US12778,12778,ZCTA5 12778,45164,18787
8600000US12779,12779,ZCTA5 12779,16373,4054
8600000US12780,12780,ZCTA5 12780,24108,3865
8600000US12781,12781,ZCTA5 12781,21670,16289
8600000US12783,12783,ZCTA5 12783,23503,3682
8600000US12784,12784,ZCTA5 12784,10183,5342
8600000US12785,12785,ZCTA5 12785,34605,8355
8600000US12786,12786,ZCTA5 12786,48390,17568
8600000US12787,12787,ZCTA5 12787,27598,7938
8600000US12788,12788,ZCTA5 12788,19874,3246
8600000US12789,12789,ZCTA5 12789,29466,4882
8600000US12790,12790,ZCTA5 12790,31881,3114
8600000US12791,12791,ZCTA5 12791,29574,6144
8600000US12792,12792,ZCTA5 12792,17767,9308
8600000US12801,12801,ZCTA5 12801,28645,2049
8600000US12803,12803,ZCTA5 12803,29568,2051
8600000US12804,12804,ZCTA5 12804,37107,2210
8600000US12808,12808,ZCTA5 12808,41645,8323
8600000US12809,12809,ZCTA5 12809,27876,3624
8600000US12810,12810,ZCTA5 12810,26083,2679
8600000US12812,12812,ZCTA5 12812,23775,10847
8600000US12814,12814,ZCTA5 12814,36066,9441
8600000US12815,12815,ZCTA5 12815,33697,4199
8600000US12816,12816,ZCTA5 12816,29762,1818
8600000US12817,12817,ZCTA5 12817,33168,3316
8600000US12819,12819,ZCTA5 12819,28099,4853
8600000US12821,12821,ZCTA5 12821,4063,1188
8600000US12822,12822,ZCTA5 12822,24642,1520
8600000US12823,12823,ZCTA5 12823,20304,8122
8600000US12824,12824,ZCTA5 12824,46475,8487
8600000US12827,12827,ZCTA5 12827,27248,2374
8600000US12828,12828,ZCTA5 12828,28804,2776
8600000US12831,12831,ZCTA5 12831,35736,2138
8600000US12832,12832,ZCTA5 12832,22171,1918
8600000US12833,12833,ZCTA5 12833,35867,3341
8600000US12834,12834,ZCTA5 12834,36639,4158
8600000US12835,12835,ZCTA5 12835,29212,2693
8600000US12836,12836,ZCTA5 12836,29927,3029
8600000US12837,12837,ZCTA5 12837,24627,3624
8600000US12838,12838,ZCTA5 12838,29793,5175
8600000US12839,12839,ZCTA5 12839,24367,1888
8600000US12841,12841,ZCTA5 12841,62278,29036
8600000US12842,12842,ZCTA5 12842,21488,3750
8600000US12843,12843,ZCTA5 12843,23053,6750
8600000US12844,12844,ZCTA5 12844,26659,6015
8600000US12845,12845,ZCTA5 12845,39097,4613
8600000US12846,12846,ZCTA5 12846,27417,3530
8600000US12847,12847,ZCTA5 12847,22074,5794
8600000US12849,12849,ZCTA5 12849,30300,11766
8600000US12850,12850,ZCTA5 12850,34501,4887
8600000US12851,12851,ZCTA5 12851,24532,4832
8600000US12852,12852,ZCTA5 12852,29386,4449
8600000US12853,12853,ZCTA5 12853,21324,3290
8600000US12855,12855,ZCTA5 12855,26740,3590
8600000US12856,12856,ZCTA5 12856,23787,8940
8600000US12857,12857,ZCTA5 12857,25156,5845
8600000US12858,12858,ZCTA5 12858,33303,11307
8600000US12859,12859,ZCTA5 12859,32629,3764
8600000US12860,12860,ZCTA5 12860,29139,10796
8600000US12861,12861,ZCTA5 12861,39650,8392
8600000US12863,12863,ZCTA5 12863,40279,4913
8600000US12864,12864,ZCTA5 12864,21593,10522
8600000US12865,12865,ZCTA5 12865,26418,2111
8600000US12866,12866,ZCTA5 12866,47910,3178
8600000US12870,12870,ZCTA5 12870,26274,5312
8600000US12871,12871,ZCTA5 12871,34002,6287
8600000US12872,12872,ZCTA5 12872,12933,7164
8600000US12873,12873,ZCTA5 12873,25903,3148
8600000US12874,12874,ZCTA5 12874,53741,13562
8600000US12878,12878,ZCTA5 12878,26330,3111
8600000US12883,12883,ZCTA5 12883,25865,2502
8600000US12884,12884,ZCTA5 12884,20115,3351
8600000US12885,12885,ZCTA5 12885,26599,3556
8600000US12886,12886,ZCTA5 12886,36599,13857
8600000US12887,12887,ZCTA5 12887,23021,1606
8600000US12901,12901,ZCTA5 12901,25464,993
8600000US12903,12903,ZCTA5 12903,36061,4683
8600000US12910,12910,ZCTA5 12910,19374,4503
8600000US12911,12911,ZCTA5 12911,28280,5202
8600000US12912,12912,ZCTA5 12912,28909,3610
8600000US12913,12913,ZCTA5 12913,32612,5975
8600000US12914,12914,ZCTA5 12914,21094,3971
8600000US12916,12916,ZCTA5 12916,33143,9846
8600000US12917,12917,ZCTA5 12917,27182,4703
8600000US12918,12918,ZCTA5 12918,27595,2921
8600000US12919,12919,ZCTA5 12919,20915,3679
8600000US12920,12920,ZCTA5 12920,29896,5302
8600000US12921,12921,ZCTA5 12921,33344,4961
8600000US12922,12922,ZCTA5 12922,26520,9373
8600000US12923,12923,ZCTA5 12923,25060,4295
8600000US12924,12924,ZCTA5 12924,26105,10045
8600000US12926,12926,ZCTA5 12926,25805,2238
8600000US12927,12927,ZCTA5 12927,28944,6745
8600000US12928,12928,ZCTA5 12928,26732,3548
8600000US12929,12929,ZCTA5 12929,4284,1108
8600000US12930,12930,ZCTA5 12930,21265,3892
8600000US12932,12932,ZCTA5 12932,28086,4315
8600000US12933,12933,ZCTA5 12933,27346,16738
8600000US12934,12934,ZCTA5 12934,22055,2786
8600000US12935,12935,ZCTA5 12935,25148,3160
8600000US12936,12936,ZCTA5 12936,35147,5496
8600000US12937,12937,ZCTA5 12937,19378,3358
8600000US12939,12939,ZCTA5 12939,32674,6037
8600000US12941,12941,ZCTA5 12941,29609,2932
8600000US12942,12942,ZCTA5 12942,40873,7763
8600000US12943,12943,ZCTA5 12943,25297,4765
8600000US12944,12944,ZCTA5 12944,25799,2907
8600000US12945,12945,ZCTA5 12945,26405,8642
8600000US12946,12946,ZCTA5 12946,32702,4162
8600000US12950,12950,ZCTA5 12950,27570,3763
8600000US12952,12952,ZCTA5 12952,16954,6491
8600000US12953,12953,ZCTA5 12953,19290,1713
8600000US12955,12955,ZCTA5 12955,34864,15580
8600000US12956,12956,ZCTA5 12956,21414,5748
8600000US12957,12957,ZCTA5 12957,19511,6056
8600000US12958,12958,ZCTA5 12958,30256,8031
8600000US12959,12959,ZCTA5 12959,21674,5333
8600000US12960,12960,ZCTA5 12960,29485,3209
8600000US12961,12961,ZCTA5 12961,16676,5022
8600000US12962,12962,ZCTA5 12962,33424,2635
8600000US12964,12964,ZCTA5 12964,37974,12548
8600000US12965,12965,ZCTA5 12965,19171,4147
8600000US12966,12966,ZCTA5 12966,21742,3516
8600000US12967,12967,ZCTA5 12967,19465,5131
8600000US12969,12969,ZCTA5 12969,23927,4548
8600000US12970,12970,ZCTA5 12970,13544,2331
8600000US12972,12972,ZCTA5 12972,32556,3953
8600000US12973,12973,ZCTA5 12973,27492,6193
8600000US12974,12974,ZCTA5 12974,29379,4422
8600000US12975,12975,ZCTA5 12975,36992,10312
8600000US12976,12976,ZCTA5 12976,38664,8482
8600000US12977,12977,ZCTA5 12977,7418,3277
8600000US12978,12978,ZCTA5 12978,19966,13368
8600000US12979,12979,ZCTA5 12979,31079,4018
8600000US12980,12980,ZCTA5 12980,21082,3139
8600000US12981,12981,ZCTA5 12981,29258,4102
8600000US12983,12983,ZCTA5 12983,31517,1890
8600000US12985,12985,ZCTA5 12985,20403,5803
8600000US12986,12986,ZCTA5 12986,30217,3195
8600000US12987,12987,ZCTA5 12987,31214,8728
8600000US12989,12989,ZCTA5 12989,33711,3884
8600000US12992,12992,ZCTA5 12992,28269,3795
8600000US12993,12993,ZCTA5 12993,31007,5925
8600000US12996,12996,ZCTA5 12996,34662,9252
8600000US12997,12997,ZCTA5 12997,31332,3780
8600000US12998,12998,ZCTA5 12998,26807,7223
8600000US13020,13020,ZCTA5 13020,33898,13153
8600000US13021,13021,ZCTA5 13021,28927,961
8600000US13024,13024,ZCTA5 13024,3378,2929
8600000US13026,13026,ZCTA5 13026,29792,3752
8600000US13027,13027,ZCTA5 13027,36001,1355
8600000US13028,13028,ZCTA5 13028,32372,11304
8600000US13029,13029,ZCTA5 13029,35068,4705
8600000US13030,13030,ZCTA5 13030,31266,3807
8600000US13031,13031,ZCTA5 13031,36180,1797
8600000US13032,13032,ZCTA5 13032,28051,1842
8600000US13033,13033,ZCTA5 13033,28159,2597
8600000US13034,13034,ZCTA5 13034,32582,3279
8600000US13035,13035,ZCTA5 13035,38814,3486
8600000US13036,13036,ZCTA5 13036,27582,2073
8600000US13037,13037,ZCTA5 13037,31612,2445
8600000US13039,13039,ZCTA5 13039,36870,1557
8600000US13040,13040,ZCTA5 13040,24891,1559
8600000US13041,13041,ZCTA5 13041,35174,2355
8600000US13042,13042,ZCTA5 13042,22273,4459
8600000US13044,13044,ZCTA5 13044,31304,3306
8600000US13045,13045,ZCTA5 13045,25348,1407
8600000US13051,13051,ZCTA5 13051,20409,23168
8600000US13052,13052,ZCTA5 13052,24007,3228
8600000US13053,13053,ZCTA5 13053,34499,6217
8600000US13054,13054,ZCTA5 13054,21879,4700
8600000US13057,13057,ZCTA5 13057,31686,1938
8600000US13060,13060,ZCTA5 13060,29100,3640
8600000US13061,13061,ZCTA5 13061,31991,4191
8600000US13062,13062,ZCTA5 13062,18924,19214
8600000US13063,13063,ZCTA5 13063,34232,4292
8600000US13064,13064,ZCTA5 13064,129460,71174
8600000US13066,13066,ZCTA5 13066,52702,4167
8600000US13068,13068,ZCTA5 13068,28112,3263
8600000US13069,13069,ZCTA5 13069,24424,2592
8600000US13071,13071,ZCTA5 13071,30807,3660
8600000US13072,13072,ZCTA5 13072,24670,3996
8600000US13073,13073,ZCTA5 13073,30841,3734
8600000US13074,13074,ZCTA5 13074,22661,1453
8600000US13076,13076,ZCTA5 13076,29511,4568
8600000US13077,13077,ZCTA5 13077,29565,4310
8600000US13078,13078,ZCTA5 13078,46598,4879
8600000US13080,13080,ZCTA5 13080,31523,4654
8600000US13081,13081,ZCTA5 13081,41657,6998
8600000US13082,13082,ZCTA5 13082,30870,2669
8600000US13083,13083,ZCTA5 13083,25802,2822
8600000US13084,13084,ZCTA5 13084,32195,3887
8600000US13087,13087,ZCTA5 13087,56422,21264
8600000US13088,13088,ZCTA5 13088,32212,1576
8600000US13090,13090,ZCTA5 13090,34937,1913
8600000US13092,13092,ZCTA5 13092,29061,3103
8600000US13101,13101,ZCTA5 13101,25761,2101
8600000US13103,13103,ZCTA5 13103,24508,15211
8600000US13104,13104,ZCTA5 13104,51714,4016
8600000US13108,13108,ZCTA5 13108,37563,4269
8600000US13110,13110,ZCTA5 13110,38560,3001
8600000US13111,13111,ZCTA5 13111,19709,3003
8600000US13112,13112,ZCTA5 13112,26919,4141
8600000US13113,13113,ZCTA5 13113,24722,8267
8600000US13114,13114,ZCTA5 13114,26370,2543
8600000US13115,13115,ZCTA5 13115,33693,14426
8600000US13116,13116,ZCTA5 13116,28348,3720
8600000US13117,13117,ZCTA5 13117,19982,5936
8600000US13118,13118,ZCTA5 13118,23161,1644
8600000US13120,13120,ZCTA5 13120,29347,5702
8600000US13122,13122,ZCTA5 13122,25746,5406
8600000US13123,13123,ZCTA5 13123,13433,10002
8600000US13124,13124,ZCTA5 13124,25588,11357
8600000US13126,13126,ZCTA5 13126,26169,1088
8600000US13131,13131,ZCTA5 13131,28319,3482
8600000US13132,13132,ZCTA5 13132,29995,3513
8600000US13134,13134,ZCTA5 13134,22621,8150
8600000US13135,13135,ZCTA5 13135,28409,3454
8600000US13136,13136,ZCTA5 13136,23195,4904
8600000US13138,13138,ZCTA5 13138,-,**
8600000US13140,13140,ZCTA5 13140,25477,2001
8600000US13141,13141,ZCTA5 13141,22026,4734
8600000US13142,13142,ZCTA5 13142,24790,2030
8600000US13143,13143,ZCTA5 13143,20797,2236
8600000US13144,13144,ZCTA5 13144,19126,2786
8600000US13145,13145,ZCTA5 13145,26108,3310
8600000US13146,13146,ZCTA5 13146,23111,2180
8600000US13147,13147,ZCTA5 13147,30650,6439
8600000US13148,13148,ZCTA5 13148,29771,2423
8600000US13152,13152,ZCTA5 13152,61162,7050
8600000US13153,13153,ZCTA5 13153,25218,7212
8600000US13155,13155,ZCTA5 13155,27703,3852
8600000US13156,13156,ZCTA5 13156,28924,3269
8600000US13157,13157,ZCTA5 13157,25296,4182
8600000US13158,13158,ZCTA5 13158,26122,2527
8600000US13159,13159,ZCTA5 13159,35331,2515
8600000US13160,13160,ZCTA5 13160,27711,2608
8600000US13162,13162,ZCTA5 13162,85031,122099
8600000US13163,13163,ZCTA5 13163,22672,6113
8600000US13164,13164,ZCTA5 13164,28243,3086
8600000US13165,13165,ZCTA5 13165,26465,1254
8600000US13166,13166,ZCTA5 13166,29311,2997
8600000US13167,13167,ZCTA5 13167,26932,3439
8600000US13202,13202,ZCTA5 13202,16062,3153
8600000US13203,13203,ZCTA5 13203,22800,2115
8600000US13204,13204,ZCTA5 13204,19771,1333
8600000US13205,13205,ZCTA5 13205,19074,1507
8600000US13206,13206,ZCTA5 13206,25453,2324
8600000US13207,13207,ZCTA5 13207,25635,1610
8600000US13208,13208,ZCTA5 13208,18343,1196
8600000US13209,13209,ZCTA5 13209,26682,1085
8600000US13210,13210,ZCTA5 13210,18111,1409
8600000US13211,13211,ZCTA5 13211,23949,4813
8600000US13212,13212,ZCTA5 13212,28602,1676
8600000US13214,13214,ZCTA5 13214,30725,2439
8600000US13215,13215,ZCTA5 13215,40717,2239
8600000US13219,13219,ZCTA5 13219,31771,1659
8600000US13224,13224,ZCTA5 13224,32945,2562
8600000US13290,13290,ZCTA5 13290,-,**
8600000US13301,13301,ZCTA5 13301,33909,20456
8600000US13302,13302,ZCTA5 13302,21889,2084
8600000US13303,13303,ZCTA5 13303,32728,3601
8600000US13304,13304,ZCTA5 13304,35522,4189
8600000US13305,13305,ZCTA5 13305,22802,3645
8600000US13308,13308,ZCTA5 13308,26393,2953
8600000US13309,13309,ZCTA5 13309,26356,2830
8600000US13310,13310,ZCTA5 13310,19218,4926
8600000US13312,13312,ZCTA5 13312,32007,6820
8600000US13313,13313,ZCTA5 13313,17934,3423
8600000US13314,13314,ZCTA5 13314,24370,7272
8600000US13315,13315,ZCTA5 13315,23625,2576
8600000US13316,13316,ZCTA5 13316,24979,2007
8600000US13317,13317,ZCTA5 13317,23078,2929
8600000US13318,13318,ZCTA5 13318,26649,3423
8600000US13319,13319,ZCTA5 13319,21833,6005
8600000US13320,13320,ZCTA5 13320,26972,2693
8600000US13321,13321,ZCTA5 13321,22252,5691
8600000US13322,13322,ZCTA5 13322,29230,3772
8600000US13323,13323,ZCTA5 13323,33883,2930
8600000US13324,13324,ZCTA5 13324,23162,1911
8600000US13325,13325,ZCTA5 13325,29401,6376
8600000US13326,13326,ZCTA5 13326,38432,3403
8600000US13327,13327,ZCTA5 13327,21347,2218
8600000US13328,13328,ZCTA5 13328,27349,3192
8600000US13329,13329,ZCTA5 13329,21723,1470
8600000US13331,13331,ZCTA5 13331,42237,13824
8600000US13332,13332,ZCTA5 13332,22905,2686
8600000US13333,13333,ZCTA5 13333,17647,5660
8600000US13334,13334,ZCTA5 13334,30680,12329
8600000US13335,13335,ZCTA5 13335,29069,3974
8600000US13337,13337,ZCTA5 13337,45913,15435
8600000US13338,13338,ZCTA5 13338,28045,2816
8600000US13339,13339,ZCTA5 13339,22199,1593
8600000US13340,13340,ZCTA5 13340,25259,2313
8600000US13341,13341,ZCTA5 13341,45345,12355
8600000US13342,13342,ZCTA5 13342,32439,4041
8600000US13343,13343,ZCTA5 13343,28043,2865
8600000US13345,13345,ZCTA5 13345,40452,9971
8600000US13346,13346,ZCTA5 13346,25138,2749
8600000US13348,13348,ZCTA5 13348,29912,3777
8600000US13350,13350,ZCTA5 13350,24958,2259
8600000US13353,13353,ZCTA5 13353,17953,6636
8600000US13354,13354,ZCTA5 13354,31672,3876
8600000US13355,13355,ZCTA5 13355,26429,3311
8600000US13357,13357,ZCTA5 13357,23623,1641
8600000US13360,13360,ZCTA5 13360,24896,6873
8600000US13361,13361,ZCTA5 13361,22586,2648
8600000US13362,13362,ZCTA5 13362,31334,18784
8600000US13363,13363,ZCTA5 13363,30392,4122
8600000US13364,13364,ZCTA5 13364,24733,6168
8600000US13365,13365,ZCTA5 13365,24841,2493
8600000US13367,13367,ZCTA5 13367,27322,2172
8600000US13368,13368,ZCTA5 13368,24068,2754
8600000US13402,13402,ZCTA5 13402,24679,4693
8600000US13403,13403,ZCTA5 13403,28988,5322
8600000US13404,13404,ZCTA5 13404,20248,4282
8600000US13406,13406,ZCTA5 13406,29858,7116
8600000US13407,13407,ZCTA5 13407,24286,2099
8600000US13408,13408,ZCTA5 13408,15649,1929
8600000US13409,13409,ZCTA5 13409,23173,2056
8600000US13410,13410,ZCTA5 13410,22676,4106
8600000US13411,13411,ZCTA5 13411,23277,1948
8600000US13413,13413,ZCTA5 13413,38644,3885
8600000US13415,13415,ZCTA5 13415,26012,11236
8600000US13416,13416,ZCTA5 13416,26294,1969
8600000US13417,13417,ZCTA5 13417,24746,3464
8600000US13418,13418,ZCTA5 13418,24257,5655
8600000US13420,13420,ZCTA5 13420,34031,7253
8600000US13421,13421,ZCTA5 13421,25565,1917
8600000US13424,13424,ZCTA5 13424,26216,2585
8600000US13425,13425,ZCTA5 13425,23544,3522
8600000US13428,13428,ZCTA5 13428,21576,3783
8600000US13431,13431,ZCTA5 13431,28858,3254
8600000US13433,13433,ZCTA5 13433,19315,1675
8600000US13435,13435,ZCTA5 13435,25944,5455
8600000US13436,13436,ZCTA5 13436,43835,7089
8600000US13437,13437,ZCTA5 13437,24242,2515
8600000US13438,13438,ZCTA5 13438,28626,2072
8600000US13439,13439,ZCTA5 13439,26658,2100
8600000US13440,13440,ZCTA5 13440,26966,991
8600000US13450,13450,ZCTA5 13450,28197,9937
8600000US13452,13452,ZCTA5 13452,21763,2099
8600000US13454,13454,ZCTA5 13454,19668,3171
8600000US13456,13456,ZCTA5 13456,33869,3354
8600000US13459,13459,ZCTA5 13459,26550,3098
8600000US13460,13460,ZCTA5 13460,25177,2758
8600000US13461,13461,ZCTA5 13461,31695,4597
8600000US13464,13464,ZCTA5 13464,24692,4974
8600000US13468,13468,ZCTA5 13468,26402,6910
8600000US13469,13469,ZCTA5 13469,28055,4803
8600000US13470,13470,ZCTA5 13470,25821,3387
8600000US13471,13471,ZCTA5 13471,21858,2106
8600000US13472,13472,ZCTA5 13472,44289,7933
8600000US13473,13473,ZCTA5 13473,30332,4867
8600000US13475,13475,ZCTA5 13475,28670,19896
8600000US13476,13476,ZCTA5 13476,31589,3269
8600000US13477,13477,ZCTA5 13477,30890,13172
8600000US13478,13478,ZCTA5 13478,27074,4518
8600000US13480,13480,ZCTA5 13480,26734,1718
8600000US13483,13483,ZCTA5 13483,21271,4018
8600000US13484,13484,ZCTA5 13484,26406,6774
8600000US13485,13485,ZCTA5 13485,23199,3966
8600000US13486,13486,ZCTA5 13486,30023,5057
8600000US13488,13488,ZCTA5 13488,25962,9017
8600000US13489,13489,ZCTA5 13489,24823,4001
8600000US13490,13490,ZCTA5 13490,28790,4701
8600000US13491,13491,ZCTA5 13491,26322,1732
8600000US13492,13492,ZCTA5 13492,36033,2819
8600000US13493,13493,ZCTA5 13493,20853,1490
8600000US13494,13494,ZCTA5 13494,37136,6452
8600000US13495,13495,ZCTA5 13495,23365,3024
8600000US13501,13501,ZCTA5 13501,20125,1206
8600000US13502,13502,ZCTA5 13502,24299,2139
8600000US13601,13601,ZCTA5 13601,24595,1221
8600000US13602,13602,ZCTA5 13602,21688,1191
8600000US13603,13603,ZCTA5 13603,17378,1724
8600000US13605,13605,ZCTA5 13605,23522,1915
8600000US13606,13606,ZCTA5 13606,26647,3020
8600000US13607,13607,ZCTA5 13607,33677,4623
8600000US13608,13608,ZCTA5 13608,21277,2477
8600000US13612,13612,ZCTA5 13612,28521,3917
8600000US13613,13613,ZCTA5 13613,21946,3676
8600000US13614,13614,ZCTA5 13614,20845,6241
8600000US13615,13615,ZCTA5 13615,25908,2496
8600000US13616,13616,ZCTA5 13616,21197,3871
8600000US13617,13617,ZCTA5 13617,22974,1943
8600000US13618,13618,ZCTA5 13618,29307,3087
8600000US13619,13619,ZCTA5 13619,23709,1910
8600000US13620,13620,ZCTA5 13620,21038,3889
8600000US13621,13621,ZCTA5 13621,22616,5688
8600000US13622,13622,ZCTA5 13622,27413,3722
8600000US13623,13623,ZCTA5 13623,30028,16147
8600000US13624,13624,ZCTA5 13624,25356,2011
8600000US13625,13625,ZCTA5 13625,27885,3126
8600000US13626,13626,ZCTA5 13626,25700,4562
8600000US13628,13628,ZCTA5 13628,23658,7393
8600000US13630,13630,ZCTA5 13630,20910,3860
8600000US13633,13633,ZCTA5 13633,21774,3567
8600000US13634,13634,ZCTA5 13634,25476,3056
8600000US13635,13635,ZCTA5 13635,20683,2074
8600000US13636,13636,ZCTA5 13636,24710,5174
8600000US13637,13637,ZCTA5 13637,25759,2650
8600000US13638,13638,ZCTA5 13638,18782,5371
8600000US13639,13639,ZCTA5 13639,27051,8789
8600000US13640,13640,ZCTA5 13640,44356,12480
8600000US13641,13641,ZCTA5 13641,32400,14117
8600000US13642,13642,ZCTA5 13642,19266,1777
8600000US13643,13643,ZCTA5 13643,-,**
8600000US13646,13646,ZCTA5 13646,24015,2771
8600000US13647,13647,ZCTA5 13647,48181,9082
8600000US13648,13648,ZCTA5 13648,21888,1760
8600000US13650,13650,ZCTA5 13650,44159,13206
8600000US13651,13651,ZCTA5 13651,67780,18953
8600000US13652,13652,ZCTA5 13652,25184,4435
8600000US13654,13654,ZCTA5 13654,18217,3419
8600000US13655,13655,ZCTA5 13655,25066,5987
8600000US13656,13656,ZCTA5 13656,24335,3735
8600000US13658,13658,ZCTA5 13658,28300,4608
8600000US13659,13659,ZCTA5 13659,23406,3677
8600000US13660,13660,ZCTA5 13660,23275,3273
8600000US13661,13661,ZCTA5 13661,29155,3668
8600000US13662,13662,ZCTA5 13662,26194,1888
8600000US13664,13664,ZCTA5 13664,29764,4463
8600000US13665,13665,ZCTA5 13665,27142,4192
8600000US13666,13666,ZCTA5 13666,25900,11643
8600000US13667,13667,ZCTA5 13667,20294,2856
8600000US13668,13668,ZCTA5 13668,28517,2713
8600000US13669,13669,ZCTA5 13669,26418,2796
8600000US13670,13670,ZCTA5 13670,22830,3979
8600000US13672,13672,ZCTA5 13672,23769,4879
8600000US13673,13673,ZCTA5 13673,25073,3018
8600000US13674,13674,ZCTA5 13674,12881,10677
8600000US13675,13675,ZCTA5 13675,18901,8290
8600000US13676,13676,ZCTA5 13676,21047,1915
8600000US13677,13677,ZCTA5 13677,25912,7814
8600000US13678,13678,ZCTA5 13678,24098,10493
8600000US13679,13679,ZCTA5 13679,23511,3841
8600000US13680,13680,ZCTA5 13680,19575,4983
8600000US13681,13681,ZCTA5 13681,23344,5209
8600000US13682,13682,ZCTA5 13682,29205,3502
8600000US13684,13684,ZCTA5 13684,25850,3518
8600000US13685,13685,ZCTA5 13685,29649,3252
8600000US13687,13687,ZCTA5 13687,28066,7321
8600000US13690,13690,ZCTA5 13690,25630,4053
8600000US13691,13691,ZCTA5 13691,29975,5369
8600000US13692,13692,ZCTA5 13692,28647,5419
8600000US13693,13693,ZCTA5 13693,25869,4683
8600000US13694,13694,ZCTA5 13694,31932,3961
8600000US13695,13695,ZCTA5 13695,31116,13418
8600000US13696,13696,ZCTA5 13696,56650,1288
8600000US13697,13697,ZCTA5 13697,21416,3897
8600000US13730,13730,ZCTA5 13730,28292,4959
8600000US13731,13731,ZCTA5 13731,28937,3223
8600000US13732,13732,ZCTA5 13732,35981,2636
8600000US13733,13733,ZCTA5 13733,27162,3035
8600000US13734,13734,ZCTA5 13734,24717,5412
8600000US13736,13736,ZCTA5 13736,28246,5148
8600000US13739,13739,ZCTA5 13739,31168,3978
8600000US13740,13740,ZCTA5 13740,45003,11338
8600000US13743,13743,ZCTA5 13743,27304,3150
8600000US13744,13744,ZCTA5 13744,28720,4312
8600000US13746,13746,ZCTA5 13746,27227,3392
8600000US13748,13748,ZCTA5 13748,22830,2899
8600000US13750,13750,ZCTA5 13750,25920,6434
8600000US13751,13751,ZCTA5 13751,15923,6037
8600000US13752,13752,ZCTA5 13752,41300,16152
8600000US13753,13753,ZCTA5 13753,24746,2824
8600000US13754,13754,ZCTA5 13754,23532,1743
8600000US13755,13755,ZCTA5 13755,25901,4992
8600000US13756,13756,ZCTA5 13756,28130,7954
8600000US13757,13757,ZCTA5 13757,27394,3938
8600000US13760,13760,ZCTA5 13760,30955,1262
8600000US13774,13774,ZCTA5 13774,14305,2547
8600000US13775,13775,ZCTA5 13775,30399,4201
8600000US13776,13776,ZCTA5 13776,29190,4679
8600000US13777,13777,ZCTA5 13777,26024,6706
8600000US13778,13778,ZCTA5 13778,27425,2145
8600000US13780,13780,ZCTA5 13780,25985,5119
8600000US13782,13782,ZCTA5 13782,29373,4595
8600000US13783,13783,ZCTA5 13783,22582,2983
8600000US13784,13784,ZCTA5 13784,14390,4569
8600000US13786,13786,ZCTA5 13786,24178,5495
8600000US13787,13787,ZCTA5 13787,20989,2975
8600000US13788,13788,ZCTA5 13788,28401,4040
8600000US13790,13790,ZCTA5 13790,24753,1506
8600000US13794,13794,ZCTA5 13794,18151,7947
8600000US13795,13795,ZCTA5 13795,33231,8839
8600000US13796,13796,ZCTA5 13796,28190,3180
8600000US13797,13797,ZCTA5 13797,21939,2449
8600000US13801,13801,ZCTA5 13801,20687,2459
8600000US13802,13802,ZCTA5 13802,22677,5498
8600000US13803,13803,ZCTA5 13803,26204,2551
8600000US13804,13804,ZCTA5 13804,29217,6400
8600000US13806,13806,ZCTA5 13806,25626,6518
8600000US13807,13807,ZCTA5 13807,31095,4761
8600000US13808,13808,ZCTA5 13808,29664,5309
8600000US13809,13809,ZCTA5 13809,24776,5293
8600000US13810,13810,ZCTA5 13810,29910,4516
8600000US13811,13811,ZCTA5 13811,34550,6309
8600000US13812,13812,ZCTA5 13812,24865,2307
8600000US13813,13813,ZCTA5 13813,23047,9688
8600000US13815,13815,ZCTA5 13815,24924,1373
8600000US13820,13820,ZCTA5 13820,23105,1409
8600000US13825,13825,ZCTA5 13825,26695,2278
8600000US13827,13827,ZCTA5 13827,30837,2241
8600000US13830,13830,ZCTA5 13830,25004,1785
8600000US13832,13832,ZCTA5 13832,20335,5145
8600000US13833,13833,ZCTA5 13833,27184,2653
8600000US13834,13834,ZCTA5 13834,16393,5435
8600000US13835,13835,ZCTA5 13835,26332,4657
8600000US13838,13838,ZCTA5 13838,21872,2536
8600000US13839,13839,ZCTA5 13839,22933,3926
8600000US13841,13841,ZCTA5 13841,24972,8003
8600000US13842,13842,ZCTA5 13842,26219,6830
8600000US13843,13843,ZCTA5 13843,23240,2461
8600000US13844,13844,ZCTA5 13844,19606,3361
8600000US13845,13845,ZCTA5 13845,-,**
8600000US13846,13846,ZCTA5 13846,19079,6167
8600000US13847,13847,ZCTA5 13847,24386,6202
8600000US13849,13849,ZCTA5 13849,26536,2363
8600000US13850,13850,ZCTA5 13850,34012,2036
8600000US13856,13856,ZCTA5 13856,22348,3163
8600000US13859,13859,ZCTA5 13859,31782,11351
8600000US13860,13860,ZCTA5 13860,23859,4218
8600000US13861,13861,ZCTA5 13861,36931,15341
8600000US13862,13862,ZCTA5 13862,26224,1530
8600000US13863,13863,ZCTA5 13863,19707,2739
8600000US13864,13864,ZCTA5 13864,26185,6508
8600000US13865,13865,ZCTA5 13865,28126,3798
8600000US13901,13901,ZCTA5 13901,26298,2322
8600000US13902,13902,ZCTA5 13902,3100,756
8600000US13903,13903,ZCTA5 13903,29261,1784
8600000US13904,13904,ZCTA5 13904,22579,1883
8600000US13905,13905,ZCTA5 13905,24260,1704
8600000US14001,14001,ZCTA5 14001,31042,3449
8600000US14004,14004,ZCTA5 14004,27681,1781
8600000US14005,14005,ZCTA5 14005,25543,2269
8600000US14006,14006,ZCTA5 14006,31178,2543
8600000US14008,14008,ZCTA5 14008,27013,3917
8600000US14009,14009,ZCTA5 14009,24540,1631
8600000US14011,14011,ZCTA5 14011,20028,1370
8600000US14012,14012,ZCTA5 14012,25916,3472
8600000US14013,14013,ZCTA5 14013,25574,2064
8600000US14020,14020,ZCTA5 14020,27237,1536
8600000US14024,14024,ZCTA5 14024,25175,2317
8600000US14025,14025,ZCTA5 14025,35033,5316
8600000US14026,14026,ZCTA5 14026,50388,19568
8600000US14028,14028,ZCTA5 14028,35390,7254
8600000US14030,14030,ZCTA5 14030,27000,3332
8600000US14031,14031,ZCTA5 14031,43605,5532
8600000US14032,14032,ZCTA5 14032,45660,3194
8600000US14033,14033,ZCTA5 14033,39154,7221
8600000US14034,14034,ZCTA5 14034,18285,2451
8600000US14035,14035,ZCTA5 14035,37127,42414
8600000US14036,14036,ZCTA5 14036,29116,2425
8600000US14037,14037,ZCTA5 14037,30440,3921
8600000US14039,14039,ZCTA5 14039,22730,6338
8600000US14040,14040,ZCTA5 14040,31192,5313
8600000US14041,14041,ZCTA5 14041,18275,7573
8600000US14042,14042,ZCTA5 14042,20804,1788
8600000US14043,14043,ZCTA5 14043,31253,1247
8600000US14047,14047,ZCTA5 14047,29617,2743
8600000US14048,14048,ZCTA5 14048,22369,1086
8600000US14051,14051,ZCTA5 14051,51064,2908
8600000US14052,14052,ZCTA5 14052,38428,2080
8600000US14054,14054,ZCTA5 14054,29564,4391
8600000US14055,14055,ZCTA5 14055,29364,3829
8600000US14057,14057,ZCTA5 14057,33940,2340
8600000US14058,14058,ZCTA5 14058,27912,2745
8600000US14059,14059,ZCTA5 14059,39497,3385
8600000US14060,14060,ZCTA5 14060,29925,6742
8600000US14061,14061,ZCTA5 14061,23863,4971
8600000US14062,14062,ZCTA5 14062,25490,1989
8600000US14063,14063,ZCTA5 14063,25032,2477
8600000US14065,14065,ZCTA5 14065,21484,1883
8600000US14066,14066,ZCTA5 14066,26273,2622
8600000US14067,14067,ZCTA5 14067,26670,2273
8600000US14068,14068,ZCTA5 14068,42324,4511
8600000US14069,14069,ZCTA5 14069,27596,6110
8600000US14070,14070,ZCTA5 14070,20412,3360
8600000US14072,14072,ZCTA5 14072,37646,2551
8600000US14075,14075,ZCTA5 14075,35637,1740
8600000US14080,14080,ZCTA5 14080,31588,2912
8600000US14081,14081,ZCTA5 14081,27835,3505
8600000US14082,14082,ZCTA5 14082,31881,5329
8600000US14085,14085,ZCTA5 14085,34818,3378
8600000US14086,14086,ZCTA5 14086,36689,1467
8600000US14091,14091,ZCTA5 14091,24572,3452
8600000US14092,14092,ZCTA5 14092,35632,2347
8600000US14094,14094,ZCTA5 14094,29000,1177
8600000US14098,14098,ZCTA5 14098,25539,2075
8600000US14101,14101,ZCTA5 14101,23416,3469
8600000US14102,14102,ZCTA5 14102,34671,5866
8600000US14103,14103,ZCTA5 14103,23373,1341
8600000US14105,14105,ZCTA5 14105,28383,1922
8600000US14108,14108,ZCTA5 14108,28786,4495
8600000US14109,14109,ZCTA5 14109,4397,627
8600000US14111,14111,ZCTA5 14111,26970,3475
8600000US14112,14112,ZCTA5 14112,-,**
8600000US14113,14113,ZCTA5 14113,28036,7410
8600000US14120,14120,ZCTA5 14120,31667,1225
8600000US14125,14125,ZCTA5 14125,25663,2297
8600000US14126,14126,ZCTA5 14126,27117,8865
8600000US14127,14127,ZCTA5 14127,45396,2896
8600000US14129,14129,ZCTA5 14129,23690,2664
8600000US14130,14130,ZCTA5 14130,22759,5457
8600000US14131,14131,ZCTA5 14131,34984,5286
8600000US14132,14132,ZCTA5 14132,28424,2028
8600000US14134,14134,ZCTA5 14134,27173,9927
8600000US14135,14135,ZCTA5 14135,25372,6552
8600000US14136,14136,ZCTA5 14136,25046,1978
8600000US14138,14138,ZCTA5 14138,20911,2302
8600000US14139,14139,ZCTA5 14139,36179,6162
8600000US14141,14141,ZCTA5 14141,29592,2506
8600000US14143,14143,ZCTA5 14143,26490,3570
8600000US14145,14145,ZCTA5 14145,29142,5118
8600000US14150,14150,ZCTA5 14150,29053,936
8600000US14167,14167,ZCTA5 14167,28525,2963
8600000US14168,14168,ZCTA5 14168,6053,5430
8600000US14169,14169,ZCTA5 14169,14301,7556
8600000US14170,14170,ZCTA5 14170,45920,22035
8600000US14171,14171,ZCTA5 14171,24657,2753
8600000US14172,14172,ZCTA5 14172,37589,10846
8600000US14173,14173,ZCTA5 14173,24835,10804
8600000US14174,14174,ZCTA5 14174,37874,5306
8600000US14201,14201,ZCTA5 14201,22748,2094
8600000US14202,14202,ZCTA5 14202,48821,8664
8600000US14203,14203,ZCTA5 14203,31617,4455
8600000US14204,14204,ZCTA5 14204,19800,2736
8600000US14206,14206,ZCTA5 14206,21300,1336
8600000US14207,14207,ZCTA5 14207,16478,1375
8600000US14208,14208,ZCTA5 14208,16327,1635
8600000US14209,14209,ZCTA5 14209,28272,3037
8600000US14210,14210,ZCTA5 14210,20198,1418
8600000US14211,14211,ZCTA5 14211,16504,1984
8600000US14212,14212,ZCTA5 14212,15515,1358
8600000US14213,14213,ZCTA5 14213,16939,1231
8600000US14214,14214,ZCTA5 14214,25776,2560
8600000US14215,14215,ZCTA5 14215,19482,871
8600000US14216,14216,ZCTA5 14216,34357,2335
8600000US14217,14217,ZCTA5 14217,31629,1459
8600000US14218,14218,ZCTA5 14218,20486,1119
8600000US14219,14219,ZCTA5 14219,27935,1664
8600000US14220,14220,ZCTA5 14220,25538,1333
8600000US14221,14221,ZCTA5 14221,46925,2571
8600000US14222,14222,ZCTA5 14222,37540,2837
8600000US14223,14223,ZCTA5 14223,32543,1651
8600000US14224,14224,ZCTA5 14224,32720,1389
8600000US14225,14225,ZCTA5 14225,26914,1303
8600000US14226,14226,ZCTA5 14226,38158,2862
8600000US14227,14227,ZCTA5 14227,29886,1125
8600000US14228,14228,ZCTA5 14228,30950,2177
8600000US14261,14261,ZCTA5 14261,3402,400
8600000US14301,14301,ZCTA5 14301,16926,1658
8600000US14302,14302,ZCTA5 14302,10853,3081
8600000US14303,14303,ZCTA5 14303,16745,2190
8600000US14304,14304,ZCTA5 14304,28707,1096
8600000US14305,14305,ZCTA5 14305,20983,1379
8600000US14411,14411,ZCTA5 14411,21788,1803
8600000US14414,14414,ZCTA5 14414,29494,1920
8600000US14415,14415,ZCTA5 14415,27337,9509
8600000US14416,14416,ZCTA5 14416,25831,2510
8600000US14418,14418,ZCTA5 14418,32967,7342
8600000US14420,14420,ZCTA5 14420,24627,1400
8600000US14422,14422,ZCTA5 14422,29747,3659
8600000US14423,14423,ZCTA5 14423,26102,1999
8600000US14424,14424,ZCTA5 14424,35355,1864
8600000US14425,14425,ZCTA5 14425,32798,2989
8600000US14427,14427,ZCTA5 14427,24860,3148
8600000US14428,14428,ZCTA5 14428,37016,5558
8600000US14432,14432,ZCTA5 14432,27058,3923
8600000US14433,14433,ZCTA5 14433,20768,1703
8600000US14435,14435,ZCTA5 14435,34592,4078
8600000US14437,14437,ZCTA5 14437,23047,2326
8600000US14441,14441,ZCTA5 14441,25396,5243
8600000US14445,14445,ZCTA5 14445,27546,2283
8600000US14450,14450,ZCTA5 14450,41394,1520
8600000US14454,14454,ZCTA5 14454,22134,2356
8600000US14456,14456,ZCTA5 14456,25648,1907
8600000US14462,14462,ZCTA5 14462,25245,4142
8600000US14464,14464,ZCTA5 14464,25871,1952
8600000US14466,14466,ZCTA5 14466,33676,4769
8600000US14467,14467,ZCTA5 14467,34149,3352
8600000US14468,14468,ZCTA5 14468,30655,1767
8600000US14469,14469,ZCTA5 14469,30843,3113
8600000US14470,14470,ZCTA5 14470,27071,2502
8600000US14471,14471,ZCTA5 14471,25589,3099
8600000US14472,14472,ZCTA5 14472,46049,7180
8600000US14475,14475,ZCTA5 14475,30212,5302
8600000US14476,14476,ZCTA5 14476,25485,3203
8600000US14477,14477,ZCTA5 14477,29300,5932
8600000US14478,14478,ZCTA5 14478,16836,3998
8600000US14479,14479,ZCTA5 14479,24146,14283
8600000US14480,14480,ZCTA5 14480,15584,8937
8600000US14481,14481,ZCTA5 14481,27252,2519
8600000US14482,14482,ZCTA5 14482,27626,2085
8600000US14485,14485,ZCTA5 14485,27238,2222
8600000US14486,14486,ZCTA5 14486,32878,9448
8600000US14487,14487,ZCTA5 14487,32138,2590
8600000US14489,14489,ZCTA5 14489,22117,1823
8600000US14502,14502,ZCTA5 14502,31744,1808
8600000US14504,14504,ZCTA5 14504,25112,1845
8600000US14505,14505,ZCTA5 14505,28548,2125
8600000US14506,14506,ZCTA5 14506,48362,10027
8600000US14507,14507,ZCTA5 14507,27711,4205
8600000US14510,14510,ZCTA5 14510,21919,1981
8600000US14511,14511,ZCTA5 14511,21305,8402
8600000US14512,14512,ZCTA5 14512,30830,3585
8600000US14513,14513,ZCTA5 14513,24355,2642
8600000US14514,14514,ZCTA5 14514,31256,2833
8600000US14516,14516,ZCTA5 14516,31436,4822
8600000US14517,14517,ZCTA5 14517,23436,2109
8600000US14519,14519,ZCTA5 14519,32792,2245
8600000US14521,14521,ZCTA5 14521,27091,4823
8600000US14522,14522,ZCTA5 14522,27622,2165
8600000US14525,14525,ZCTA5 14525,29648,2847
8600000US14526,14526,ZCTA5 14526,40966,2078
8600000US14527,14527,ZCTA5 14527,26803,2083
8600000US14529,14529,ZCTA5 14529,33256,16254
8600000US14530,14530,ZCTA5 14530,26384,3240
8600000US14532,14532,ZCTA5 14532,28523,2876
8600000US14533,14533,ZCTA5 14533,27996,3634
8600000US14534,14534,ZCTA5 14534,60067,3736
8600000US14536,14536,ZCTA5 14536,23247,2997
8600000US14537,14537,ZCTA5 14537,23259,19078
8600000US14539,14539,ZCTA5 14539,26050,8496
8600000US14541,14541,ZCTA5 14541,17690,2677
8600000US14542,14542,ZCTA5 14542,17853,5436
8600000US14543,14543,ZCTA5 14543,37026,4133
8600000US14544,14544,ZCTA5 14544,24536,3174
8600000US14545,14545,ZCTA5 14545,23144,5252
8600000US14546,14546,ZCTA5 14546,30760,2665
8600000US14548,14548,ZCTA5 14548,30013,3167
8600000US14549,14549,ZCTA5 14549,31932,11897
8600000US14550,14550,ZCTA5 14550,35298,17492
8600000US14551,14551,ZCTA5 14551,22335,2483
8600000US14555,14555,ZCTA5 14555,29094,4789
8600000US14559,14559,ZCTA5 14559,33248,2028
8600000US14560,14560,ZCTA5 14560,28139,3629
8600000US14561,14561,ZCTA5 14561,31438,4537
8600000US14564,14564,ZCTA5 14564,51920,6604
8600000US14568,14568,ZCTA5 14568,34804,3129
8600000US14569,14569,ZCTA5 14569,29274,3463
8600000US14571,14571,ZCTA5 14571,29715,7947
8600000US14572,14572,ZCTA5 14572,26058,1699
8600000US14580,14580,ZCTA5 14580,37292,1018
8600000US14585,14585,ZCTA5 14585,35004,8360
8600000US14586,14586,ZCTA5 14586,31576,3177
8600000US14588,14588,ZCTA5 14588,9116,3575
8600000US14589,14589,ZCTA5 14589,28357,3248
8600000US14590,14590,ZCTA5 14590,23271,1936
8600000US14591,14591,ZCTA5 14591,27933,2459
8600000US14592,14592,ZCTA5 14592,35918,8726
8600000US14604,14604,ZCTA5 14604,28412,6204
8600000US14605,14605,ZCTA5 14605,15557,3602
8600000US14606,14606,ZCTA5 14606,22275,1143
8600000US14607,14607,ZCTA5 14607,36275,2860
8600000US14608,14608,ZCTA5 14608,15125,1103
8600000US14609,14609,ZCTA5 14609,22943,1044
8600000US14610,14610,ZCTA5 14610,47188,4691
8600000US14611,14611,ZCTA5 14611,14305,980
8600000US14612,14612,ZCTA5 14612,33949,2632
8600000US14613,14613,ZCTA5 14613,15823,1078
8600000US14614,14614,ZCTA5 14614,9276,3375
8600000US14615,14615,ZCTA5 14615,22779,2323
8600000US14616,14616,ZCTA5 14616,27022,1369
8600000US14617,14617,ZCTA5 14617,33807,1469
8600000US14618,14618,ZCTA5 14618,47992,3109
8600000US14619,14619,ZCTA5 14619,21844,3666
8600000US14620,14620,ZCTA5 14620,29257,1661
8600000US14621,14621,ZCTA5 14621,14854,677
8600000US14622,14622,ZCTA5 14622,30370,2122
8600000US14623,14623,ZCTA5 14623,23483,1466
8600000US14624,14624,ZCTA5 14624,30638,1152
8600000US14625,14625,ZCTA5 14625,40413,2553
8600000US14626,14626,ZCTA5 14626,31254,1149
8600000US14627,14627,ZCTA5 14627,12970,2318
8600000US14701,14701,ZCTA5 14701,21440,795
8600000US14706,14706,ZCTA5 14706,27308,1617
8600000US14707,14707,ZCTA5 14707,33168,8453
8600000US14708,14708,ZCTA5 14708,19509,4467
8600000US14709,14709,ZCTA5 14709,27618,5621
8600000US14710,14710,ZCTA5 14710,28048,2159
8600000US14711,14711,ZCTA5 14711,18270,1889
8600000US14712,14712,ZCTA5 14712,34606,6336
8600000US14714,14714,ZCTA5 14714,23340,2895
8600000US14715,14715,ZCTA5 14715,19806,1858
8600000US14716,14716,ZCTA5 14716,16676,1448
8600000US14717,14717,ZCTA5 14717,25438,4280
8600000US14718,14718,ZCTA5 14718,25425,2498
8600000US14719,14719,ZCTA5 14719,23540,2412
8600000US14720,14720,ZCTA5 14720,23728,4567
8600000US14721,14721,ZCTA5 14721,19936,4129
8600000US14722,14722,ZCTA5 14722,43857,12593
8600000US14723,14723,ZCTA5 14723,24391,2168
8600000US14724,14724,ZCTA5 14724,22332,3013
8600000US14726,14726,ZCTA5 14726,14156,1988
8600000US14727,14727,ZCTA5 14727,28667,3376
8600000US14728,14728,ZCTA5 14728,31285,9423
8600000US14729,14729,ZCTA5 14729,35231,6554
8600000US14731,14731,ZCTA5 14731,36840,4111
8600000US14732,14732,ZCTA5 14732,20550,4020
8600000US14733,14733,ZCTA5 14733,20472,2117
8600000US14735,14735,ZCTA5 14735,20066,2214
8600000US14736,14736,ZCTA5 14736,27832,10686
8600000US14737,14737,ZCTA5 14737,22528,1742
8600000US14738,14738,ZCTA5 14738,26570,3091
8600000US14739,14739,ZCTA5 14739,21394,2060
8600000US14740,14740,ZCTA5 14740,25474,3079
8600000US14741,14741,ZCTA5 14741,25668,2776
8600000US14742,14742,ZCTA5 14742,25747,7704
8600000US14743,14743,ZCTA5 14743,24278,2213
8600000US14744,14744,ZCTA5 14744,15307,1861
8600000US14747,14747,ZCTA5 14747,28528,7418
8600000US14748,14748,ZCTA5 14748,17097,2649
8600000US14750,14750,ZCTA5 14750,37381,5104
8600000US14752,14752,ZCTA5 14752,24106,9922
8600000US14753,14753,ZCTA5 14753,21334,2214
8600000US14754,14754,ZCTA5 14754,23938,2756
8600000US14755,14755,ZCTA5 14755,23077,1884
8600000US14756,14756,ZCTA5 14756,31904,11930
8600000US14757,14757,ZCTA5 14757,25714,3729
8600000US14760,14760,ZCTA5 14760,27467,1786
8600000US14767,14767,ZCTA5 14767,20638,3185
8600000US14769,14769,ZCTA5 14769,21662,3220
8600000US14770,14770,ZCTA5 14770,27585,2408
8600000US14772,14772,ZCTA5 14772,20933,1476
8600000US14774,14774,ZCTA5 14774,22823,7662
8600000US14775,14775,ZCTA5 14775,27160,7405
8600000US14777,14777,ZCTA5 14777,24925,3472
8600000US14778,14778,ZCTA5 14778,2750,420
8600000US14779,14779,ZCTA5 14779,18017,1022
8600000US14781,14781,ZCTA5 14781,20653,1677
8600000US14782,14782,ZCTA5 14782,19159,1777
8600000US14783,14783,ZCTA5 14783,23229,11502
8600000US14784,14784,ZCTA5 14784,23595,5183
8600000US14787,14787,ZCTA5 14787,24918,2513
8600000US14788,14788,ZCTA5 14788,34778,18419
8600000US14801,14801,ZCTA5 14801,21969,1373
8600000US14802,14802,ZCTA5 14802,8326,1450
8600000US14803,14803,ZCTA5 14803,28428,3375
8600000US14804,14804,ZCTA5 14804,27789,2552
8600000US14805,14805,ZCTA5 14805,26594,5931
8600000US14806,14806,ZCTA5 14806,24360,2556
8600000US14807,14807,ZCTA5 14807,24944,1997
8600000US14808,14808,ZCTA5 14808,28739,7556
8600000US14809,14809,ZCTA5 14809,25659,3360
8600000US14810,14810,ZCTA5 14810,24387,2541
8600000US14812,14812,ZCTA5 14812,23339,1842
8600000US14813,14813,ZCTA5 14813,23664,2679
8600000US14814,14814,ZCTA5 14814,33488,5163
8600000US14815,14815,ZCTA5 14815,30834,6957
8600000US14816,14816,ZCTA5 14816,30071,10121
8600000US14817,14817,ZCTA5 14817,23683,4154
8600000US14818,14818,ZCTA5 14818,28858,2751
8600000US14819,14819,ZCTA5 14819,18897,6198
8600000US14820,14820,ZCTA5 14820,21810,3206
8600000US14821,14821,ZCTA5 14821,29492,5713
8600000US14822,14822,ZCTA5 14822,19265,3984
8600000US14823,14823,ZCTA5 14823,26337,5589
8600000US14824,14824,ZCTA5 14824,25186,5574
8600000US14825,14825,ZCTA5 14825,31143,4413
8600000US14826,14826,ZCTA5 14826,22546,2201
8600000US14827,14827,ZCTA5 14827,25086,10692
8600000US14830,14830,ZCTA5 14830,34912,2872
8600000US14836,14836,ZCTA5 14836,28264,4319
8600000US14837,14837,ZCTA5 14837,26681,2706
8600000US14838,14838,ZCTA5 14838,27692,2207
8600000US14839,14839,ZCTA5 14839,21942,4895
8600000US14840,14840,ZCTA5 14840,37677,3760
8600000US14841,14841,ZCTA5 14841,42710,24088
8600000US14842,14842,ZCTA5 14842,17496,4941
8600000US14843,14843,ZCTA5 14843,23145,1322
8600000US14845,14845,ZCTA5 14845,33776,1726
8600000US14846,14846,ZCTA5 14846,24336,2596
8600000US14847,14847,ZCTA5 14847,25905,3062
8600000US14850,14850,ZCTA5 14850,29652,1115
8600000US14853,14853,ZCTA5 14853,2208,478
8600000US14854,14854,ZCTA5 14854,58440,13294
8600000US14855,14855,ZCTA5 14855,17770,3164
8600000US14856,14856,ZCTA5 14856,10516,4856
8600000US14858,14858,ZCTA5 14858,24548,3155
8600000US14859,14859,ZCTA5 14859,27406,5822
8600000US14860,14860,ZCTA5 14860,26972,3258
8600000US14861,14861,ZCTA5 14861,26346,3544
8600000US14864,14864,ZCTA5 14864,27319,7327
8600000US14865,14865,ZCTA5 14865,22655,2300
8600000US14867,14867,ZCTA5 14867,29837,4792
8600000US14869,14869,ZCTA5 14869,26904,2998
8600000US14870,14870,ZCTA5 14870,35472,2871
8600000US14871,14871,ZCTA5 14871,29784,3326
8600000US14872,14872,ZCTA5 14872,34017,8129
8600000US14873,14873,ZCTA5 14873,23200,2322
8600000US14874,14874,ZCTA5 14874,29182,5998
8600000US14877,14877,ZCTA5 14877,29131,6470
8600000US14878,14878,ZCTA5 14878,43828,16668
8600000US14879,14879,ZCTA5 14879,25574,3285
8600000US14880,14880,ZCTA5 14880,25451,2614
8600000US14881,14881,ZCTA5 14881,52596,23365
8600000US14882,14882,ZCTA5 14882,37113,4515
8600000US14883,14883,ZCTA5 14883,26298,3422
8600000US14884,14884,ZCTA5 14884,33714,5028
8600000US14885,14885,ZCTA5 14885,19709,2670
8600000US14886,14886,ZCTA5 14886,32556,2478
8600000US14889,14889,ZCTA5 14889,23719,2573
8600000US14891,14891,ZCTA5 14891,24134,2140
8600000US14892,14892,ZCTA5 14892,25163,2081
8600000US14894,14894,ZCTA5 14894,23494,2959
8600000US14895,14895,ZCTA5 14895,25757,1800
8600000US14897,14897,ZCTA5 14897,22172,2636
8600000US14898,14898,ZCTA5 14898,17567,2242
8600000US14901,14901,ZCTA5 14901,15490,943
8600000US14903,14903,ZCTA5 14903,32376,4271
8600000US14904,14904,ZCTA5 14904,21441,1590
8600000US14905,14905,ZCTA5 14905,36966,4707
